Operation,Duration,MapSelectivity,MapInputRec,MapOutputRec,Mappers,DataSize
collect_SC,73,10,5242880,524288,3,500
collect_SC,70,10,5242880,524288,3,500
collect_SC,62,10,5242880,524288,3,500
collect_SC,77,10,5242880,524288,3,500
collect_SC,106,20,5242880,1048576,3,500
collect_SC,149,20,5242880,1048576,3,500
collect_SC,136,20,5242880,1048576,3,500
collect_SC,123,20,5242880,1048576,3,500
collect_SC,181,30,5242880,1572864,3,500
collect_SC,194,30,5242880,1572864,3,500
collect_SC,172,30,5242880,1572864,3,500
collect_SC,162,30,5242880,1572864,3,500
collect_SC,201,40,5242880,2097152,3,500
collect_SC,215,40,5242880,2097152,3,500
collect_SC,232,40,5242880,2097152,3,500
collect_SC,208,40,5242880,2097152,3,500
collect_SC,242,50,5242880,2621440,3,500
collect_SC,243,50,5242880,2621440,3,500
collect_SC,268,50,5242880,2621440,3,500
collect_SC,260,50,5242880,2621440,3,500
collect_SC,337,60,5242880,3145728,3,500
collect_SC,313,60,5242880,3145728,3,500
collect_SC,338,60,5242880,3145728,3,500
collect_SC,347,60,5242880,3145728,3,500
collect_SC,561,70,5242880,3670016,3,500
collect_SC,604,70,5242880,3670016,3,500
collect_SC,554,70,5242880,3670016,3,500
collect_SC,467,70,5242880,3670016,3,500
collect_SC,3500,80,5242880,4194304,3,500
collect_SC,3362,80,5242880,4194304,3,500
collect_SC,3164,80,5242880,4194304,3,500
collect_SC,3200,80,5242880,4194304,3,500
collect_SC,3305,90,5242880,4718592,3,500
collect_SC,3429,90,5242880,4718592,3,500
collect_SC,3221,90,5242880,4718592,3,500
collect_SC,3301,90,5242880,4718592,3,500
collect_SC,3395,100,5242880,5242880,3,500
collect_SC,3368,100,5242880,5242880,3,500
collect_SC,3443,100,5242880,5242880,3,500
collect_SC,3358,100,5242880,5242880,3,500
collect_SC,102,10,7864320,786432,5,750
collect_SC,81,10,7864320,786432,5,750
collect_SC,96,10,7864320,786432,5,750
collect_SC,111,10,7864320,786432,5,750
collect_SC,83,10,7864320,786432,5,750
collect_SC,71,10,7864320,786432,5,750
collect_SC,135,20,7864320,1572864,5,750
collect_SC,117,20,7864320,1572864,5,750
collect_SC,168,20,7864320,1572864,5,750
collect_SC,134,20,7864320,1572864,5,750
collect_SC,124,20,7864320,1572864,5,750
collect_SC,142,20,7864320,1572864,5,750
collect_SC,184,30,7864320,2359296,5,750
collect_SC,160,30,7864320,2359296,5,750
collect_SC,174,30,7864320,2359296,5,750
collect_SC,160,30,7864320,2359296,5,750
collect_SC,179,30,7864320,2359296,5,750
collect_SC,151,30,7864320,2359296,5,750
collect_SC,236,40,7864320,3145728,5,750
collect_SC,234,40,7864320,3145728,5,750
collect_SC,239,40,7864320,3145728,5,750
collect_SC,240,40,7864320,3145728,5,750
collect_SC,186,40,7864320,3145728,5,750
collect_SC,232,40,7864320,3145728,5,750
collect_SC,235,50,7864320,3932160,5,750
collect_SC,303,50,7864320,3932160,5,750
collect_SC,262,50,7864320,3932160,5,750
collect_SC,260,50,7864320,3932160,5,750
collect_SC,252,50,7864320,3932160,5,750
collect_SC,279,50,7864320,3932160,5,750
collect_SC,342,60,7864320,4718592,5,750
collect_SC,355,60,7864320,4718592,5,750
collect_SC,333,60,7864320,4718592,5,750
collect_SC,311,60,7864320,4718592,5,750
collect_SC,336,60,7864320,4718592,5,750
collect_SC,340,60,7864320,4718592,5,750
collect_SC,643,70,7864320,5505024,5,750
collect_SC,590,70,7864320,5505024,5,750
collect_SC,623,70,7864320,5505024,5,750
collect_SC,414,70,7864320,5505024,5,750
collect_SC,585,70,7864320,5505024,5,750
collect_SC,534,70,7864320,5505024,5,750
collect_SC,3133,80,7864320,6291456,5,750
collect_SC,3237,80,7864320,6291456,5,750
collect_SC,3173,80,7864320,6291456,5,750
collect_SC,3345,80,7864320,6291456,5,750
collect_SC,3341,80,7864320,6291456,5,750
collect_SC,3403,80,7864320,6291456,5,750
collect_SC,3292,90,7864320,7077888,5,750
collect_SC,3253,90,7864320,7077888,5,750
collect_SC,3285,90,7864320,7077888,5,750
collect_SC,3505,90,7864320,7077888,5,750
collect_SC,3363,90,7864320,7077888,5,750
collect_SC,3326,90,7864320,7077888,5,750
collect_SC,3433,100,7864320,7864320,5,750
collect_SC,3306,100,7864320,7864320,5,750
collect_SC,3238,100,7864320,7864320,5,750
collect_SC,3512,100,7864320,7864320,5,750
collect_SC,3461,100,7864320,7864320,5,750
collect_SC,3200,100,7864320,7864320,5,750
collect_SC,99,10,10737418,1073741,8,1024
collect_SC,53,10,10737418,1073741,8,1024
collect_SC,73,10,10737418,1073741,8,1024
collect_SC,65,10,10737418,1073741,8,1024
collect_SC,80,10,10737418,1073741,8,1024
collect_SC,81,10,10737418,1073741,8,1024
collect_SC,109,10,10737418,1073741,8,1024
collect_SC,85,10,10737418,1073741,8,1024
collect_SC,123,20,10737418,2147483,8,1024
collect_SC,114,20,10737418,2147483,8,1024
collect_SC,129,20,10737418,2147483,8,1024
collect_SC,151,20,10737418,2147483,8,1024
collect_SC,129,20,10737418,2147483,8,1024
collect_SC,127,20,10737418,2147483,8,1024
collect_SC,117,20,10737418,2147483,8,1024
collect_SC,116,20,10737418,2147483,8,1024
collect_SC,162,30,10737418,3221225,8,1024
collect_SC,183,30,10737418,3221225,8,1024
collect_SC,163,30,10737418,3221225,8,1024
collect_SC,136,30,10737418,3221225,8,1024
collect_SC,179,30,10737418,3221225,8,1024
collect_SC,171,30,10737418,3221225,8,1024
collect_SC,140,30,10737418,3221225,8,1024
collect_SC,158,30,10737418,3221225,8,1024
collect_SC,217,40,10737418,4294967,8,1024
collect_SC,202,40,10737418,4294967,8,1024
collect_SC,219,40,10737418,4294967,8,1024
collect_SC,221,40,10737418,4294967,8,1024
collect_SC,226,40,10737418,4294967,8,1024
collect_SC,217,40,10737418,4294967,8,1024
collect_SC,224,40,10737418,4294967,8,1024
collect_SC,198,40,10737418,4294967,8,1024
collect_SC,239,50,10737418,5368709,8,1024
collect_SC,306,50,10737418,5368709,8,1024
collect_SC,286,50,10737418,5368709,8,1024
collect_SC,273,50,10737418,5368709,8,1024
collect_SC,253,50,10737418,5368709,8,1024
collect_SC,270,50,10737418,5368709,8,1024
collect_SC,232,50,10737418,5368709,8,1024
collect_SC,273,50,10737418,5368709,8,1024
collect_SC,385,60,10737418,6442450,8,1024
collect_SC,338,60,10737418,6442450,8,1024
collect_SC,328,60,10737418,6442450,8,1024
collect_SC,301,60,10737418,6442450,8,1024
collect_SC,329,60,10737418,6442450,8,1024
collect_SC,348,60,10737418,6442450,8,1024
collect_SC,366,60,10737418,6442450,8,1024
collect_SC,316,60,10737418,6442450,8,1024
collect_SC,552,70,10737418,7516192,8,1024
collect_SC,580,70,10737418,7516192,8,1024
collect_SC,650,70,10737418,7516192,8,1024
collect_SC,581,70,10737418,7516192,8,1024
collect_SC,563,70,10737418,7516192,8,1024
collect_SC,564,70,10737418,7516192,8,1024
collect_SC,545,70,10737418,7516192,8,1024
collect_SC,559,70,10737418,7516192,8,1024
collect_SC,3089,80,10737418,8589934,8,1024
collect_SC,3245,80,10737418,8589934,8,1024
collect_SC,3473,80,10737418,8589934,8,1024
collect_SC,3352,80,10737418,8589934,8,1024
collect_SC,3181,80,10737418,8589934,8,1024
collect_SC,3167,80,10737418,8589934,8,1024
collect_SC,3168,80,10737418,8589934,8,1024
collect_SC,3595,80,10737418,8589934,8,1024
collect_SC,3207,90,10737418,9663676,8,1024
collect_SC,3216,90,10737418,9663676,8,1024
collect_SC,3396,90,10737418,9663676,8,1024
collect_SC,3216,90,10737418,9663676,8,1024
collect_SC,3407,90,10737418,9663676,8,1024
collect_SC,3375,90,10737418,9663676,8,1024
collect_SC,3219,90,10737418,9663676,8,1024
collect_SC,3401,90,10737418,9663676,8,1024
collect_SC,6851,100,10737418,10737418,8,1024
collect_SC,3579,100,10737418,10737418,8,1024
collect_SC,3675,100,10737418,10737418,8,1024
collect_SC,3301,100,10737418,10737418,8,1024
collect_SC,3471,100,10737418,10737418,8,1024
collect_SC,3417,100,10737418,10737418,8,1024
collect_SC,3345,100,10737418,10737418,8,1024
collect_SC,3395,100,10737418,10737418,8,1024
collect_SC,83,10,16106127,1610612,12,1536
collect_SC,72,10,16106127,1610612,12,1536
collect_SC,94,10,16106127,1610612,12,1536
collect_SC,82,10,16106127,1610612,12,1536
collect_SC,85,10,16106127,1610612,12,1536
collect_SC,86,10,16106127,1610612,12,1536
collect_SC,73,10,16106127,1610612,12,1536
collect_SC,71,10,16106127,1610612,12,1536
collect_SC,94,10,16106127,1610612,12,1536
collect_SC,100,10,16106127,1610612,12,1536
collect_SC,92,10,16106127,1610612,12,1536
collect_SC,89,10,16106127,1610612,12,1536
collect_SC,124,20,16106127,3221225,12,1536
collect_SC,105,20,16106127,3221225,12,1536
collect_SC,123,20,16106127,3221225,12,1536
collect_SC,133,20,16106127,3221225,12,1536
collect_SC,131,20,16106127,3221225,12,1536
collect_SC,148,20,16106127,3221225,12,1536
collect_SC,129,20,16106127,3221225,12,1536
collect_SC,126,20,16106127,3221225,12,1536
collect_SC,129,20,16106127,3221225,12,1536
collect_SC,147,20,16106127,3221225,12,1536
collect_SC,116,20,16106127,3221225,12,1536
collect_SC,141,20,16106127,3221225,12,1536
collect_SC,200,30,16106127,4831838,12,1536
collect_SC,197,30,16106127,4831838,12,1536
collect_SC,177,30,16106127,4831838,12,1536
collect_SC,178,30,16106127,4831838,12,1536
collect_SC,163,30,16106127,4831838,12,1536
collect_SC,161,30,16106127,4831838,12,1536
collect_SC,151,30,16106127,4831838,12,1536
collect_SC,157,30,16106127,4831838,12,1536
collect_SC,144,30,16106127,4831838,12,1536
collect_SC,157,30,16106127,4831838,12,1536
collect_SC,202,30,16106127,4831838,12,1536
collect_SC,174,30,16106127,4831838,12,1536
collect_SC,192,40,16106127,6442450,12,1536
collect_SC,208,40,16106127,6442450,12,1536
collect_SC,216,40,16106127,6442450,12,1536
collect_SC,197,40,16106127,6442450,12,1536
collect_SC,215,40,16106127,6442450,12,1536
collect_SC,241,40,16106127,6442450,12,1536
collect_SC,222,40,16106127,6442450,12,1536
collect_SC,215,40,16106127,6442450,12,1536
collect_SC,227,40,16106127,6442450,12,1536
collect_SC,222,40,16106127,6442450,12,1536
collect_SC,219,40,16106127,6442450,12,1536
collect_SC,209,40,16106127,6442450,12,1536
collect_SC,253,50,16106127,8053063,12,1536
collect_SC,265,50,16106127,8053063,12,1536
collect_SC,268,50,16106127,8053063,12,1536
collect_SC,233,50,16106127,8053063,12,1536
collect_SC,294,50,16106127,8053063,12,1536
collect_SC,285,50,16106127,8053063,12,1536
collect_SC,292,50,16106127,8053063,12,1536
collect_SC,265,50,16106127,8053063,12,1536
collect_SC,290,50,16106127,8053063,12,1536
collect_SC,262,50,16106127,8053063,12,1536
collect_SC,249,50,16106127,8053063,12,1536
collect_SC,285,50,16106127,8053063,12,1536
collect_SC,368,60,16106127,9663676,12,1536
collect_SC,324,60,16106127,9663676,12,1536
collect_SC,318,60,16106127,9663676,12,1536
collect_SC,311,60,16106127,9663676,12,1536
collect_SC,319,60,16106127,9663676,12,1536
collect_SC,355,60,16106127,9663676,12,1536
collect_SC,340,60,16106127,9663676,12,1536
collect_SC,344,60,16106127,9663676,12,1536
collect_SC,320,60,16106127,9663676,12,1536
collect_SC,334,60,16106127,9663676,12,1536
collect_SC,328,60,16106127,9663676,12,1536
collect_SC,325,60,16106127,9663676,12,1536
collect_SC,567,70,16106127,11274288,12,1536
collect_SC,524,70,16106127,11274288,12,1536
collect_SC,614,70,16106127,11274288,12,1536
collect_SC,650,70,16106127,11274288,12,1536
collect_SC,663,70,16106127,11274288,12,1536
collect_SC,573,70,16106127,11274288,12,1536
collect_SC,539,70,16106127,11274288,12,1536
collect_SC,528,70,16106127,11274288,12,1536
collect_SC,475,70,16106127,11274288,12,1536
collect_SC,650,70,16106127,11274288,12,1536
collect_SC,506,70,16106127,11274288,12,1536
collect_SC,604,70,16106127,11274288,12,1536
collect_SC,3385,80,16106127,12884901,12,1536
collect_SC,3319,80,16106127,12884901,12,1536
collect_SC,3393,80,16106127,12884901,12,1536
collect_SC,3054,80,16106127,12884901,12,1536
collect_SC,3499,80,16106127,12884901,12,1536
collect_SC,3447,80,16106127,12884901,12,1536
collect_SC,3229,80,16106127,12884901,12,1536
collect_SC,3253,80,16106127,12884901,12,1536
collect_SC,3229,80,16106127,12884901,12,1536
collect_SC,3226,80,16106127,12884901,12,1536
collect_SC,3277,80,16106127,12884901,12,1536
collect_SC,7754,80,16106127,12884901,12,1536
collect_SC,3154,90,16106127,14495514,12,1536
collect_SC,3498,90,16106127,14495514,12,1536
collect_SC,3252,90,16106127,14495514,12,1536
collect_SC,3228,90,16106127,14495514,12,1536
collect_SC,3389,90,16106127,14495514,12,1536
collect_SC,3357,90,16106127,14495514,12,1536
collect_SC,3395,90,16106127,14495514,12,1536
collect_SC,3276,90,16106127,14495514,12,1536
collect_SC,3626,90,16106127,14495514,12,1536
collect_SC,3325,90,16106127,14495514,12,1536
collect_SC,3296,90,16106127,14495514,12,1536
collect_SC,3315,90,16106127,14495514,12,1536
collect_SC,3238,100,16106127,16106127,12,1536
collect_SC,3399,100,16106127,16106127,12,1536
collect_SC,3446,100,16106127,16106127,12,1536
collect_SC,3318,100,16106127,16106127,12,1536
collect_SC,3399,100,16106127,16106127,12,1536
collect_SC,3287,100,16106127,16106127,12,1536
collect_SC,3364,100,16106127,16106127,12,1536
collect_SC,3506,100,16106127,16106127,12,1536
collect_SC,6827,100,16106127,16106127,12,1536
collect_SC,3457,100,16106127,16106127,12,1536
collect_SC,3553,100,16106127,16106127,12,1536
collect_SC,6924,100,16106127,16106127,12,1536
collect_SC,75,10,21474836,2147483,16,2048
collect_SC,55,10,21474836,2147483,16,2048
collect_SC,90,10,21474836,2147483,16,2048
collect_SC,84,10,21474836,2147483,16,2048
collect_SC,60,10,21474836,2147483,16,2048
collect_SC,76,10,21474836,2147483,16,2048
collect_SC,64,10,21474836,2147483,16,2048
collect_SC,119,10,21474836,2147483,16,2048
collect_SC,54,10,21474836,2147483,16,2048
collect_SC,66,10,21474836,2147483,16,2048
collect_SC,73,10,21474836,2147483,16,2048
collect_SC,88,10,21474836,2147483,16,2048
collect_SC,74,10,21474836,2147483,16,2048
collect_SC,86,10,21474836,2147483,16,2048
collect_SC,66,10,21474836,2147483,16,2048
collect_SC,64,10,21474836,2147483,16,2048
collect_SC,130,20,21474836,4294967,16,2048
collect_SC,91,20,21474836,4294967,16,2048
collect_SC,112,20,21474836,4294967,16,2048
collect_SC,127,20,21474836,4294967,16,2048
collect_SC,116,20,21474836,4294967,16,2048
collect_SC,151,20,21474836,4294967,16,2048
collect_SC,127,20,21474836,4294967,16,2048
collect_SC,123,20,21474836,4294967,16,2048
collect_SC,109,20,21474836,4294967,16,2048
collect_SC,135,20,21474836,4294967,16,2048
collect_SC,137,20,21474836,4294967,16,2048
collect_SC,116,20,21474836,4294967,16,2048
collect_SC,139,20,21474836,4294967,16,2048
collect_SC,129,20,21474836,4294967,16,2048
collect_SC,133,20,21474836,4294967,16,2048
collect_SC,118,20,21474836,4294967,16,2048
collect_SC,173,30,21474836,6442450,16,2048
collect_SC,171,30,21474836,6442450,16,2048
collect_SC,137,30,21474836,6442450,16,2048
collect_SC,184,30,21474836,6442450,16,2048
collect_SC,178,30,21474836,6442450,16,2048
collect_SC,186,30,21474836,6442450,16,2048
collect_SC,158,30,21474836,6442450,16,2048
collect_SC,144,30,21474836,6442450,16,2048
collect_SC,136,30,21474836,6442450,16,2048
collect_SC,149,30,21474836,6442450,16,2048
collect_SC,168,30,21474836,6442450,16,2048
collect_SC,191,30,21474836,6442450,16,2048
collect_SC,170,30,21474836,6442450,16,2048
collect_SC,211,30,21474836,6442450,16,2048
collect_SC,188,30,21474836,6442450,16,2048
collect_SC,172,30,21474836,6442450,16,2048
collect_SC,217,40,21474836,8589934,16,2048
collect_SC,204,40,21474836,8589934,16,2048
collect_SC,223,40,21474836,8589934,16,2048
collect_SC,246,40,21474836,8589934,16,2048
collect_SC,230,40,21474836,8589934,16,2048
collect_SC,164,40,21474836,8589934,16,2048
collect_SC,235,40,21474836,8589934,16,2048
collect_SC,211,40,21474836,8589934,16,2048
collect_SC,223,40,21474836,8589934,16,2048
collect_SC,213,40,21474836,8589934,16,2048
collect_SC,207,40,21474836,8589934,16,2048
collect_SC,213,40,21474836,8589934,16,2048
collect_SC,194,40,21474836,8589934,16,2048
collect_SC,218,40,21474836,8589934,16,2048
collect_SC,217,40,21474836,8589934,16,2048
collect_SC,168,40,21474836,8589934,16,2048
collect_SC,264,50,21474836,10737418,16,2048
collect_SC,285,50,21474836,10737418,16,2048
collect_SC,271,50,21474836,10737418,16,2048
collect_SC,284,50,21474836,10737418,16,2048
collect_SC,244,50,21474836,10737418,16,2048
collect_SC,274,50,21474836,10737418,16,2048
collect_SC,231,50,21474836,10737418,16,2048
collect_SC,272,50,21474836,10737418,16,2048
collect_SC,282,50,21474836,10737418,16,2048
collect_SC,256,50,21474836,10737418,16,2048
collect_SC,274,50,21474836,10737418,16,2048
collect_SC,267,50,21474836,10737418,16,2048
collect_SC,282,50,21474836,10737418,16,2048
collect_SC,262,50,21474836,10737418,16,2048
collect_SC,280,50,21474836,10737418,16,2048
collect_SC,227,50,21474836,10737418,16,2048
collect_SC,296,60,21474836,12884901,16,2048
collect_SC,352,60,21474836,12884901,16,2048
collect_SC,328,60,21474836,12884901,16,2048
collect_SC,303,60,21474836,12884901,16,2048
collect_SC,337,60,21474836,12884901,16,2048
collect_SC,322,60,21474836,12884901,16,2048
collect_SC,315,60,21474836,12884901,16,2048
collect_SC,338,60,21474836,12884901,16,2048
collect_SC,328,60,21474836,12884901,16,2048
collect_SC,300,60,21474836,12884901,16,2048
collect_SC,342,60,21474836,12884901,16,2048
collect_SC,222,60,21474836,12884901,16,2048
collect_SC,339,60,21474836,12884901,16,2048
collect_SC,322,60,21474836,12884901,16,2048
collect_SC,376,60,21474836,12884901,16,2048
collect_SC,315,60,21474836,12884901,16,2048
collect_SC,457,70,21474836,15032385,16,2048
collect_SC,409,70,21474836,15032385,16,2048
collect_SC,557,70,21474836,15032385,16,2048
collect_SC,606,70,21474836,15032385,16,2048
collect_SC,403,70,21474836,15032385,16,2048
collect_SC,576,70,21474836,15032385,16,2048
collect_SC,571,70,21474836,15032385,16,2048
collect_SC,328,70,21474836,15032385,16,2048
collect_SC,408,70,21474836,15032385,16,2048
collect_SC,542,70,21474836,15032385,16,2048
collect_SC,577,70,21474836,15032385,16,2048
collect_SC,599,70,21474836,15032385,16,2048
collect_SC,605,70,21474836,15032385,16,2048
collect_SC,555,70,21474836,15032385,16,2048
collect_SC,485,70,21474836,15032385,16,2048
collect_SC,410,70,21474836,15032385,16,2048
collect_SC,3201,80,21474836,17179868,16,2048
collect_SC,3276,80,21474836,17179868,16,2048
collect_SC,4610,80,21474836,17179868,16,2048
collect_SC,3123,80,21474836,17179868,16,2048
collect_SC,3384,80,21474836,17179868,16,2048
collect_SC,4859,80,21474836,17179868,16,2048
collect_SC,3299,80,21474836,17179868,16,2048
collect_SC,3242,80,21474836,17179868,16,2048
collect_SC,3417,80,21474836,17179868,16,2048
collect_SC,3125,80,21474836,17179868,16,2048
collect_SC,3326,80,21474836,17179868,16,2048
collect_SC,4703,80,21474836,17179868,16,2048
collect_SC,3321,80,21474836,17179868,16,2048
collect_SC,3329,80,21474836,17179868,16,2048
collect_SC,3292,80,21474836,17179868,16,2048
collect_SC,3211,80,21474836,17179868,16,2048
collect_SC,3352,90,21474836,19327352,16,2048
collect_SC,3233,90,21474836,19327352,16,2048
collect_SC,3239,90,21474836,19327352,16,2048
collect_SC,4187,90,21474836,19327352,16,2048
collect_SC,3292,90,21474836,19327352,16,2048
collect_SC,3241,90,21474836,19327352,16,2048
collect_SC,3424,90,21474836,19327352,16,2048
collect_SC,3500,90,21474836,19327352,16,2048
collect_SC,3324,90,21474836,19327352,16,2048
collect_SC,3447,90,21474836,19327352,16,2048
collect_SC,3359,90,21474836,19327352,16,2048
collect_SC,3168,90,21474836,19327352,16,2048
collect_SC,3428,90,21474836,19327352,16,2048
collect_SC,3202,90,21474836,19327352,16,2048
collect_SC,3312,90,21474836,19327352,16,2048
collect_SC,3343,90,21474836,19327352,16,2048
collect_SC,3326,100,21474836,21474836,16,2048
collect_SC,3517,100,21474836,21474836,16,2048
collect_SC,3419,100,21474836,21474836,16,2048
collect_SC,3330,100,21474836,21474836,16,2048
collect_SC,3296,100,21474836,21474836,16,2048
collect_SC,3457,100,21474836,21474836,16,2048
collect_SC,6803,100,21474836,21474836,16,2048
collect_SC,3173,100,21474836,21474836,16,2048
collect_SC,7843,100,21474836,21474836,16,2048
collect_SC,3219,100,21474836,21474836,16,2048
collect_SC,3414,100,21474836,21474836,16,2048
collect_SC,3474,100,21474836,21474836,16,2048
collect_SC,3336,100,21474836,21474836,16,2048
collect_SC,3470,100,21474836,21474836,16,2048
collect_SC,3513,100,21474836,21474836,16,2048
collect_SC,3309,100,21474836,21474836,16,2048
collect_SC,76,10,26843545,2684354,20,2560
collect_SC,89,10,26843545,2684354,20,2560
collect_SC,92,10,26843545,2684354,20,2560
collect_SC,80,10,26843545,2684354,20,2560
collect_SC,67,10,26843545,2684354,20,2560
collect_SC,91,10,26843545,2684354,20,2560
collect_SC,69,10,26843545,2684354,20,2560
collect_SC,72,10,26843545,2684354,20,2560
collect_SC,55,10,26843545,2684354,20,2560
collect_SC,80,10,26843545,2684354,20,2560
collect_SC,89,10,26843545,2684354,20,2560
collect_SC,77,10,26843545,2684354,20,2560
collect_SC,81,10,26843545,2684354,20,2560
collect_SC,60,10,26843545,2684354,20,2560
collect_SC,70,10,26843545,2684354,20,2560
collect_SC,93,10,26843545,2684354,20,2560
collect_SC,82,10,26843545,2684354,20,2560
collect_SC,76,10,26843545,2684354,20,2560
collect_SC,71,10,26843545,2684354,20,2560
collect_SC,74,10,26843545,2684354,20,2560
collect_SC,136,20,26843545,5368709,20,2560
collect_SC,118,20,26843545,5368709,20,2560
collect_SC,118,20,26843545,5368709,20,2560
collect_SC,112,20,26843545,5368709,20,2560
collect_SC,124,20,26843545,5368709,20,2560
collect_SC,150,20,26843545,5368709,20,2560
collect_SC,128,20,26843545,5368709,20,2560
collect_SC,121,20,26843545,5368709,20,2560
collect_SC,112,20,26843545,5368709,20,2560
collect_SC,110,20,26843545,5368709,20,2560
collect_SC,160,20,26843545,5368709,20,2560
collect_SC,136,20,26843545,5368709,20,2560
collect_SC,128,20,26843545,5368709,20,2560
collect_SC,139,20,26843545,5368709,20,2560
collect_SC,107,20,26843545,5368709,20,2560
collect_SC,123,20,26843545,5368709,20,2560
collect_SC,113,20,26843545,5368709,20,2560
collect_SC,136,20,26843545,5368709,20,2560
collect_SC,135,20,26843545,5368709,20,2560
collect_SC,127,20,26843545,5368709,20,2560
collect_SC,176,30,26843545,8053063,20,2560
collect_SC,158,30,26843545,8053063,20,2560
collect_SC,179,30,26843545,8053063,20,2560
collect_SC,153,30,26843545,8053063,20,2560
collect_SC,142,30,26843545,8053063,20,2560
collect_SC,170,30,26843545,8053063,20,2560
collect_SC,149,30,26843545,8053063,20,2560
collect_SC,180,30,26843545,8053063,20,2560
collect_SC,157,30,26843545,8053063,20,2560
collect_SC,168,30,26843545,8053063,20,2560
collect_SC,182,30,26843545,8053063,20,2560
collect_SC,163,30,26843545,8053063,20,2560
collect_SC,159,30,26843545,8053063,20,2560
collect_SC,167,30,26843545,8053063,20,2560
collect_SC,173,30,26843545,8053063,20,2560
collect_SC,175,30,26843545,8053063,20,2560
collect_SC,169,30,26843545,8053063,20,2560
collect_SC,159,30,26843545,8053063,20,2560
collect_SC,171,30,26843545,8053063,20,2560
collect_SC,177,30,26843545,8053063,20,2560
collect_SC,208,40,26843545,10737418,20,2560
collect_SC,219,40,26843545,10737418,20,2560
collect_SC,211,40,26843545,10737418,20,2560
collect_SC,228,40,26843545,10737418,20,2560
collect_SC,224,40,26843545,10737418,20,2560
collect_SC,237,40,26843545,10737418,20,2560
collect_SC,207,40,26843545,10737418,20,2560
collect_SC,206,40,26843545,10737418,20,2560
collect_SC,184,40,26843545,10737418,20,2560
collect_SC,215,40,26843545,10737418,20,2560
collect_SC,218,40,26843545,10737418,20,2560
collect_SC,215,40,26843545,10737418,20,2560
collect_SC,211,40,26843545,10737418,20,2560
collect_SC,193,40,26843545,10737418,20,2560
collect_SC,203,40,26843545,10737418,20,2560
collect_SC,198,40,26843545,10737418,20,2560
collect_SC,188,40,26843545,10737418,20,2560
collect_SC,205,40,26843545,10737418,20,2560
collect_SC,223,40,26843545,10737418,20,2560
collect_SC,190,40,26843545,10737418,20,2560
collect_SC,268,50,26843545,13421772,20,2560
collect_SC,272,50,26843545,13421772,20,2560
collect_SC,241,50,26843545,13421772,20,2560
collect_SC,245,50,26843545,13421772,20,2560
collect_SC,243,50,26843545,13421772,20,2560
collect_SC,274,50,26843545,13421772,20,2560
collect_SC,233,50,26843545,13421772,20,2560
collect_SC,281,50,26843545,13421772,20,2560
collect_SC,273,50,26843545,13421772,20,2560
collect_SC,256,50,26843545,13421772,20,2560
collect_SC,258,50,26843545,13421772,20,2560
collect_SC,243,50,26843545,13421772,20,2560
collect_SC,250,50,26843545,13421772,20,2560
collect_SC,236,50,26843545,13421772,20,2560
collect_SC,250,50,26843545,13421772,20,2560
collect_SC,323,50,26843545,13421772,20,2560
collect_SC,268,50,26843545,13421772,20,2560
collect_SC,261,50,26843545,13421772,20,2560
collect_SC,269,50,26843545,13421772,20,2560
collect_SC,228,50,26843545,13421772,20,2560
collect_SC,318,60,26843545,16106127,20,2560
collect_SC,349,60,26843545,16106127,20,2560
collect_SC,299,60,26843545,16106127,20,2560
collect_SC,326,60,26843545,16106127,20,2560
collect_SC,346,60,26843545,16106127,20,2560
collect_SC,366,60,26843545,16106127,20,2560
collect_SC,348,60,26843545,16106127,20,2560
collect_SC,321,60,26843545,16106127,20,2560
collect_SC,331,60,26843545,16106127,20,2560
collect_SC,315,60,26843545,16106127,20,2560
collect_SC,362,60,26843545,16106127,20,2560
collect_SC,286,60,26843545,16106127,20,2560
collect_SC,300,60,26843545,16106127,20,2560
collect_SC,324,60,26843545,16106127,20,2560
collect_SC,321,60,26843545,16106127,20,2560
collect_SC,314,60,26843545,16106127,20,2560
collect_SC,377,60,26843545,16106127,20,2560
collect_SC,339,60,26843545,16106127,20,2560
collect_SC,307,60,26843545,16106127,20,2560
collect_SC,371,60,26843545,16106127,20,2560
collect_SC,537,70,26843545,18790481,20,2560
collect_SC,625,70,26843545,18790481,20,2560
collect_SC,431,70,26843545,18790481,20,2560
collect_SC,538,70,26843545,18790481,20,2560
collect_SC,586,70,26843545,18790481,20,2560
collect_SC,489,70,26843545,18790481,20,2560
collect_SC,627,70,26843545,18790481,20,2560
collect_SC,604,70,26843545,18790481,20,2560
collect_SC,556,70,26843545,18790481,20,2560
collect_SC,582,70,26843545,18790481,20,2560
collect_SC,539,70,26843545,18790481,20,2560
collect_SC,518,70,26843545,18790481,20,2560
collect_SC,592,70,26843545,18790481,20,2560
collect_SC,540,70,26843545,18790481,20,2560
collect_SC,420,70,26843545,18790481,20,2560
collect_SC,570,70,26843545,18790481,20,2560
collect_SC,556,70,26843545,18790481,20,2560
collect_SC,554,70,26843545,18790481,20,2560
collect_SC,565,70,26843545,18790481,20,2560
collect_SC,558,70,26843545,18790481,20,2560
collect_SC,3374,80,26843545,21474836,20,2560
collect_SC,3261,80,26843545,21474836,20,2560
collect_SC,3299,80,26843545,21474836,20,2560
collect_SC,3413,80,26843545,21474836,20,2560
collect_SC,3163,80,26843545,21474836,20,2560
collect_SC,3241,80,26843545,21474836,20,2560
collect_SC,3437,80,26843545,21474836,20,2560
collect_SC,3093,80,26843545,21474836,20,2560
collect_SC,3969,80,26843545,21474836,20,2560
collect_SC,3163,80,26843545,21474836,20,2560
collect_SC,3215,80,26843545,21474836,20,2560
collect_SC,3275,80,26843545,21474836,20,2560
collect_SC,3240,80,26843545,21474836,20,2560
collect_SC,3434,80,26843545,21474836,20,2560
collect_SC,3045,80,26843545,21474836,20,2560
collect_SC,3145,80,26843545,21474836,20,2560
collect_SC,3265,80,26843545,21474836,20,2560
collect_SC,3315,80,26843545,21474836,20,2560
collect_SC,4151,80,26843545,21474836,20,2560
collect_SC,3325,80,26843545,21474836,20,2560
collect_SC,3305,90,26843545,24159190,20,2560
collect_SC,3096,90,26843545,24159190,20,2560
collect_SC,3186,90,26843545,24159190,20,2560
collect_SC,3422,90,26843545,24159190,20,2560
collect_SC,3278,90,26843545,24159190,20,2560
collect_SC,3126,90,26843545,24159190,20,2560
collect_SC,5079,90,26843545,24159190,20,2560
collect_SC,3244,90,26843545,24159190,20,2560
collect_SC,3447,90,26843545,24159190,20,2560
collect_SC,3424,90,26843545,24159190,20,2560
collect_SC,3326,90,26843545,24159190,20,2560
collect_SC,3189,90,26843545,24159190,20,2560
collect_SC,3913,90,26843545,24159190,20,2560
collect_SC,3228,90,26843545,24159190,20,2560
collect_SC,3471,90,26843545,24159190,20,2560
collect_SC,3664,90,26843545,24159190,20,2560
collect_SC,4966,90,26843545,24159190,20,2560
collect_SC,3256,90,26843545,24159190,20,2560
collect_SC,3159,90,26843545,24159190,20,2560
collect_SC,3393,90,26843545,24159190,20,2560
collect_SC,3275,100,26843545,26843545,20,2560
collect_SC,3337,100,26843545,26843545,20,2560
collect_SC,3445,100,26843545,26843545,20,2560
collect_SC,3412,100,26843545,26843545,20,2560
collect_SC,3399,100,26843545,26843545,20,2560
collect_SC,3290,100,26843545,26843545,20,2560
collect_SC,3399,100,26843545,26843545,20,2560
collect_SC,3242,100,26843545,26843545,20,2560
collect_SC,3202,100,26843545,26843545,20,2560
collect_SC,3311,100,26843545,26843545,20,2560
collect_SC,3363,100,26843545,26843545,20,2560
collect_SC,3348,100,26843545,26843545,20,2560
collect_SC,3499,100,26843545,26843545,20,2560
collect_SC,3418,100,26843545,26843545,20,2560
collect_SC,3510,100,26843545,26843545,20,2560
collect_SC,3183,100,26843545,26843545,20,2560
collect_SC,3323,100,26843545,26843545,20,2560
collect_SC,3288,100,26843545,26843545,20,2560
collect_SC,3423,100,26843545,26843545,20,2560
collect_SC,3317,100,26843545,26843545,20,2560
collect_SC,92,10,32212254,3221225,24,3072
collect_SC,89,10,32212254,3221225,24,3072
collect_SC,75,10,32212254,3221225,24,3072
collect_SC,120,10,32212254,3221225,24,3072
collect_SC,71,10,32212254,3221225,24,3072
collect_SC,64,10,32212254,3221225,24,3072
collect_SC,75,10,32212254,3221225,24,3072
collect_SC,73,10,32212254,3221225,24,3072
collect_SC,81,10,32212254,3221225,24,3072
collect_SC,74,10,32212254,3221225,24,3072
collect_SC,82,10,32212254,3221225,24,3072
collect_SC,88,10,32212254,3221225,24,3072
collect_SC,87,10,32212254,3221225,24,3072
collect_SC,78,10,32212254,3221225,24,3072
collect_SC,91,10,32212254,3221225,24,3072
collect_SC,77,10,32212254,3221225,24,3072
collect_SC,93,10,32212254,3221225,24,3072
collect_SC,66,10,32212254,3221225,24,3072
collect_SC,89,10,32212254,3221225,24,3072
collect_SC,77,10,32212254,3221225,24,3072
collect_SC,63,10,32212254,3221225,24,3072
collect_SC,78,10,32212254,3221225,24,3072
collect_SC,106,10,32212254,3221225,24,3072
collect_SC,89,10,32212254,3221225,24,3072
collect_SC,132,20,32212254,6442450,24,3072
collect_SC,136,20,32212254,6442450,24,3072
collect_SC,109,20,32212254,6442450,24,3072
collect_SC,108,20,32212254,6442450,24,3072
collect_SC,128,20,32212254,6442450,24,3072
collect_SC,111,20,32212254,6442450,24,3072
collect_SC,140,20,32212254,6442450,24,3072
collect_SC,127,20,32212254,6442450,24,3072
collect_SC,137,20,32212254,6442450,24,3072
collect_SC,145,20,32212254,6442450,24,3072
collect_SC,133,20,32212254,6442450,24,3072
collect_SC,129,20,32212254,6442450,24,3072
collect_SC,113,20,32212254,6442450,24,3072
collect_SC,121,20,32212254,6442450,24,3072
collect_SC,101,20,32212254,6442450,24,3072
collect_SC,120,20,32212254,6442450,24,3072
collect_SC,122,20,32212254,6442450,24,3072
collect_SC,124,20,32212254,6442450,24,3072
collect_SC,118,20,32212254,6442450,24,3072
collect_SC,126,20,32212254,6442450,24,3072
collect_SC,148,20,32212254,6442450,24,3072
collect_SC,149,20,32212254,6442450,24,3072
collect_SC,150,20,32212254,6442450,24,3072
collect_SC,150,20,32212254,6442450,24,3072
collect_SC,239,30,32212254,9663676,24,3072
collect_SC,199,30,32212254,9663676,24,3072
collect_SC,192,30,32212254,9663676,24,3072
collect_SC,185,30,32212254,9663676,24,3072
collect_SC,182,30,32212254,9663676,24,3072
collect_SC,154,30,32212254,9663676,24,3072
collect_SC,175,30,32212254,9663676,24,3072
collect_SC,150,30,32212254,9663676,24,3072
collect_SC,181,30,32212254,9663676,24,3072
collect_SC,167,30,32212254,9663676,24,3072
collect_SC,193,30,32212254,9663676,24,3072
collect_SC,163,30,32212254,9663676,24,3072
collect_SC,137,30,32212254,9663676,24,3072
collect_SC,196,30,32212254,9663676,24,3072
collect_SC,169,30,32212254,9663676,24,3072
collect_SC,196,30,32212254,9663676,24,3072
collect_SC,161,30,32212254,9663676,24,3072
collect_SC,145,30,32212254,9663676,24,3072
collect_SC,150,30,32212254,9663676,24,3072
collect_SC,187,30,32212254,9663676,24,3072
collect_SC,163,30,32212254,9663676,24,3072
collect_SC,174,30,32212254,9663676,24,3072
collect_SC,169,30,32212254,9663676,24,3072
collect_SC,199,30,32212254,9663676,24,3072
collect_SC,222,40,32212254,12884901,24,3072
collect_SC,217,40,32212254,12884901,24,3072
collect_SC,181,40,32212254,12884901,24,3072
collect_SC,228,40,32212254,12884901,24,3072
collect_SC,212,40,32212254,12884901,24,3072
collect_SC,192,40,32212254,12884901,24,3072
collect_SC,228,40,32212254,12884901,24,3072
collect_SC,223,40,32212254,12884901,24,3072
collect_SC,210,40,32212254,12884901,24,3072
collect_SC,233,40,32212254,12884901,24,3072
collect_SC,196,40,32212254,12884901,24,3072
collect_SC,192,40,32212254,12884901,24,3072
collect_SC,186,40,32212254,12884901,24,3072
collect_SC,192,40,32212254,12884901,24,3072
collect_SC,189,40,32212254,12884901,24,3072
collect_SC,203,40,32212254,12884901,24,3072
collect_SC,217,40,32212254,12884901,24,3072
collect_SC,237,40,32212254,12884901,24,3072
collect_SC,226,40,32212254,12884901,24,3072
collect_SC,255,40,32212254,12884901,24,3072
collect_SC,219,40,32212254,12884901,24,3072
collect_SC,193,40,32212254,12884901,24,3072
collect_SC,234,40,32212254,12884901,24,3072
collect_SC,203,40,32212254,12884901,24,3072
collect_SC,234,50,32212254,16106127,24,3072
collect_SC,238,50,32212254,16106127,24,3072
collect_SC,245,50,32212254,16106127,24,3072
collect_SC,243,50,32212254,16106127,24,3072
collect_SC,244,50,32212254,16106127,24,3072
collect_SC,249,50,32212254,16106127,24,3072
collect_SC,262,50,32212254,16106127,24,3072
collect_SC,261,50,32212254,16106127,24,3072
collect_SC,279,50,32212254,16106127,24,3072
collect_SC,251,50,32212254,16106127,24,3072
collect_SC,300,50,32212254,16106127,24,3072
collect_SC,244,50,32212254,16106127,24,3072
collect_SC,257,50,32212254,16106127,24,3072
collect_SC,225,50,32212254,16106127,24,3072
collect_SC,237,50,32212254,16106127,24,3072
collect_SC,250,50,32212254,16106127,24,3072
collect_SC,251,50,32212254,16106127,24,3072
collect_SC,256,50,32212254,16106127,24,3072
collect_SC,232,50,32212254,16106127,24,3072
collect_SC,271,50,32212254,16106127,24,3072
collect_SC,232,50,32212254,16106127,24,3072
collect_SC,264,50,32212254,16106127,24,3072
collect_SC,244,50,32212254,16106127,24,3072
collect_SC,253,50,32212254,16106127,24,3072
collect_SC,334,60,32212254,19327352,24,3072
collect_SC,325,60,32212254,19327352,24,3072
collect_SC,392,60,32212254,19327352,24,3072
collect_SC,340,60,32212254,19327352,24,3072
collect_SC,331,60,32212254,19327352,24,3072
collect_SC,317,60,32212254,19327352,24,3072
collect_SC,301,60,32212254,19327352,24,3072
collect_SC,332,60,32212254,19327352,24,3072
collect_SC,305,60,32212254,19327352,24,3072
collect_SC,314,60,32212254,19327352,24,3072
collect_SC,329,60,32212254,19327352,24,3072
collect_SC,313,60,32212254,19327352,24,3072
collect_SC,365,60,32212254,19327352,24,3072
collect_SC,333,60,32212254,19327352,24,3072
collect_SC,319,60,32212254,19327352,24,3072
collect_SC,376,60,32212254,19327352,24,3072
collect_SC,341,60,32212254,19327352,24,3072
collect_SC,324,60,32212254,19327352,24,3072
collect_SC,412,60,32212254,19327352,24,3072
collect_SC,312,60,32212254,19327352,24,3072
collect_SC,338,60,32212254,19327352,24,3072
collect_SC,323,60,32212254,19327352,24,3072
collect_SC,326,60,32212254,19327352,24,3072
collect_SC,343,60,32212254,19327352,24,3072
collect_SC,620,70,32212254,22548577,24,3072
collect_SC,623,70,32212254,22548577,24,3072
collect_SC,577,70,32212254,22548577,24,3072
collect_SC,553,70,32212254,22548577,24,3072
collect_SC,587,70,32212254,22548577,24,3072
collect_SC,525,70,32212254,22548577,24,3072
collect_SC,563,70,32212254,22548577,24,3072
collect_SC,577,70,32212254,22548577,24,3072
collect_SC,566,70,32212254,22548577,24,3072
collect_SC,602,70,32212254,22548577,24,3072
collect_SC,568,70,32212254,22548577,24,3072
collect_SC,542,70,32212254,22548577,24,3072
collect_SC,423,70,32212254,22548577,24,3072
collect_SC,612,70,32212254,22548577,24,3072
collect_SC,533,70,32212254,22548577,24,3072
collect_SC,538,70,32212254,22548577,24,3072
collect_SC,596,70,32212254,22548577,24,3072
collect_SC,680,70,32212254,22548577,24,3072
collect_SC,591,70,32212254,22548577,24,3072
collect_SC,578,70,32212254,22548577,24,3072
collect_SC,518,70,32212254,22548577,24,3072
collect_SC,590,70,32212254,22548577,24,3072
collect_SC,466,70,32212254,22548577,24,3072
collect_SC,393,70,32212254,22548577,24,3072
collect_SC,3318,80,32212254,25769803,24,3072
collect_SC,3540,80,32212254,25769803,24,3072
collect_SC,3573,80,32212254,25769803,24,3072
collect_SC,3130,80,32212254,25769803,24,3072
collect_SC,3256,80,32212254,25769803,24,3072
collect_SC,3219,80,32212254,25769803,24,3072
collect_SC,3174,80,32212254,25769803,24,3072
collect_SC,3242,80,32212254,25769803,24,3072
collect_SC,3169,80,32212254,25769803,24,3072
collect_SC,3296,80,32212254,25769803,24,3072
collect_SC,3250,80,32212254,25769803,24,3072
collect_SC,3235,80,32212254,25769803,24,3072
collect_SC,3196,80,32212254,25769803,24,3072
collect_SC,3351,80,32212254,25769803,24,3072
collect_SC,3702,80,32212254,25769803,24,3072
collect_SC,3288,80,32212254,25769803,24,3072
collect_SC,3177,80,32212254,25769803,24,3072
collect_SC,3517,80,32212254,25769803,24,3072
collect_SC,3512,80,32212254,25769803,24,3072
collect_SC,3908,80,32212254,25769803,24,3072
collect_SC,3239,80,32212254,25769803,24,3072
collect_SC,4209,80,32212254,25769803,24,3072
collect_SC,5376,80,32212254,25769803,24,3072
collect_SC,3669,80,32212254,25769803,24,3072
collect_SC,3166,90,32212254,28991028,24,3072
collect_SC,3263,90,32212254,28991028,24,3072
collect_SC,3208,90,32212254,28991028,24,3072
collect_SC,3376,90,32212254,28991028,24,3072
collect_SC,3451,90,32212254,28991028,24,3072
collect_SC,3230,90,32212254,28991028,24,3072
collect_SC,3350,90,32212254,28991028,24,3072
collect_SC,3385,90,32212254,28991028,24,3072
collect_SC,3433,90,32212254,28991028,24,3072
collect_SC,3153,90,32212254,28991028,24,3072
collect_SC,3379,90,32212254,28991028,24,3072
collect_SC,3228,90,32212254,28991028,24,3072
collect_SC,3362,90,32212254,28991028,24,3072
collect_SC,3316,90,32212254,28991028,24,3072
collect_SC,3257,90,32212254,28991028,24,3072
collect_SC,3235,90,32212254,28991028,24,3072
collect_SC,3320,90,32212254,28991028,24,3072
collect_SC,3187,90,32212254,28991028,24,3072
collect_SC,3598,90,32212254,28991028,24,3072
collect_SC,3207,90,32212254,28991028,24,3072
collect_SC,3239,90,32212254,28991028,24,3072
collect_SC,3228,90,32212254,28991028,24,3072
collect_SC,3349,90,32212254,28991028,24,3072
collect_SC,3349,90,32212254,28991028,24,3072
collect_SC,3304,100,32212254,32212254,24,3072
collect_SC,3380,100,32212254,32212254,24,3072
collect_SC,3433,100,32212254,32212254,24,3072
collect_SC,3386,100,32212254,32212254,24,3072
collect_SC,3438,100,32212254,32212254,24,3072
collect_SC,3286,100,32212254,32212254,24,3072
collect_SC,3299,100,32212254,32212254,24,3072
collect_SC,3328,100,32212254,32212254,24,3072
collect_SC,3254,100,32212254,32212254,24,3072
collect_SC,3450,100,32212254,32212254,24,3072
collect_SC,3241,100,32212254,32212254,24,3072
collect_SC,3258,100,32212254,32212254,24,3072
collect_SC,3329,100,32212254,32212254,24,3072
collect_SC,3313,100,32212254,32212254,24,3072
collect_SC,3493,100,32212254,32212254,24,3072
collect_SC,3297,100,32212254,32212254,24,3072
collect_SC,3393,100,32212254,32212254,24,3072
collect_SC,3284,100,32212254,32212254,24,3072
collect_SC,3186,100,32212254,32212254,24,3072
collect_SC,3263,100,32212254,32212254,24,3072
collect_SC,3397,100,32212254,32212254,24,3072
collect_SC,3341,100,32212254,32212254,24,3072
collect_SC,3274,100,32212254,32212254,24,3072
collect_SC,3226,100,32212254,32212254,24,3072
collect_SC,75,10,42949672,4294967,32,4096
collect_SC,64,10,42949672,4294967,32,4096
collect_SC,84,10,42949672,4294967,32,4096
collect_SC,94,10,42949672,4294967,32,4096
collect_SC,89,10,42949672,4294967,32,4096
collect_SC,72,10,42949672,4294967,32,4096
collect_SC,76,10,42949672,4294967,32,4096
collect_SC,65,10,42949672,4294967,32,4096
collect_SC,77,10,42949672,4294967,32,4096
collect_SC,74,10,42949672,4294967,32,4096
collect_SC,67,10,42949672,4294967,32,4096
collect_SC,121,10,42949672,4294967,32,4096
collect_SC,96,10,42949672,4294967,32,4096
collect_SC,75,10,42949672,4294967,32,4096
collect_SC,80,10,42949672,4294967,32,4096
collect_SC,94,10,42949672,4294967,32,4096
collect_SC,71,10,42949672,4294967,32,4096
collect_SC,97,10,42949672,4294967,32,4096
collect_SC,83,10,42949672,4294967,32,4096
collect_SC,62,10,42949672,4294967,32,4096
collect_SC,71,10,42949672,4294967,32,4096
collect_SC,84,10,42949672,4294967,32,4096
collect_SC,73,10,42949672,4294967,32,4096
collect_SC,84,10,42949672,4294967,32,4096
collect_SC,73,10,42949672,4294967,32,4096
collect_SC,69,10,42949672,4294967,32,4096
collect_SC,75,10,42949672,4294967,32,4096
collect_SC,86,10,42949672,4294967,32,4096
collect_SC,83,10,42949672,4294967,32,4096
collect_SC,61,10,42949672,4294967,32,4096
collect_SC,74,10,42949672,4294967,32,4096
collect_SC,86,10,42949672,4294967,32,4096
collect_SC,128,20,42949672,8589934,32,4096
collect_SC,115,20,42949672,8589934,32,4096
collect_SC,124,20,42949672,8589934,32,4096
collect_SC,103,20,42949672,8589934,32,4096
collect_SC,109,20,42949672,8589934,32,4096
collect_SC,122,20,42949672,8589934,32,4096
collect_SC,115,20,42949672,8589934,32,4096
collect_SC,119,20,42949672,8589934,32,4096
collect_SC,132,20,42949672,8589934,32,4096
collect_SC,155,20,42949672,8589934,32,4096
collect_SC,139,20,42949672,8589934,32,4096
collect_SC,130,20,42949672,8589934,32,4096
collect_SC,117,20,42949672,8589934,32,4096
collect_SC,134,20,42949672,8589934,32,4096
collect_SC,137,20,42949672,8589934,32,4096
collect_SC,99,20,42949672,8589934,32,4096
collect_SC,110,20,42949672,8589934,32,4096
collect_SC,106,20,42949672,8589934,32,4096
collect_SC,113,20,42949672,8589934,32,4096
collect_SC,111,20,42949672,8589934,32,4096
collect_SC,119,20,42949672,8589934,32,4096
collect_SC,122,20,42949672,8589934,32,4096
collect_SC,119,20,42949672,8589934,32,4096
collect_SC,105,20,42949672,8589934,32,4096
collect_SC,165,20,42949672,8589934,32,4096
collect_SC,133,20,42949672,8589934,32,4096
collect_SC,134,20,42949672,8589934,32,4096
collect_SC,187,20,42949672,8589934,32,4096
collect_SC,151,20,42949672,8589934,32,4096
collect_SC,123,20,42949672,8589934,32,4096
collect_SC,117,20,42949672,8589934,32,4096
collect_SC,131,20,42949672,8589934,32,4096
collect_SC,192,30,42949672,12884901,32,4096
collect_SC,182,30,42949672,12884901,32,4096
collect_SC,175,30,42949672,12884901,32,4096
collect_SC,147,30,42949672,12884901,32,4096
collect_SC,170,30,42949672,12884901,32,4096
collect_SC,168,30,42949672,12884901,32,4096
collect_SC,154,30,42949672,12884901,32,4096
collect_SC,173,30,42949672,12884901,32,4096
collect_SC,156,30,42949672,12884901,32,4096
collect_SC,158,30,42949672,12884901,32,4096
collect_SC,156,30,42949672,12884901,32,4096
collect_SC,172,30,42949672,12884901,32,4096
collect_SC,161,30,42949672,12884901,32,4096
collect_SC,163,30,42949672,12884901,32,4096
collect_SC,154,30,42949672,12884901,32,4096
collect_SC,151,30,42949672,12884901,32,4096
collect_SC,172,30,42949672,12884901,32,4096
collect_SC,172,30,42949672,12884901,32,4096
collect_SC,180,30,42949672,12884901,32,4096
collect_SC,185,30,42949672,12884901,32,4096
collect_SC,166,30,42949672,12884901,32,4096
collect_SC,152,30,42949672,12884901,32,4096
collect_SC,191,30,42949672,12884901,32,4096
collect_SC,166,30,42949672,12884901,32,4096
collect_SC,177,30,42949672,12884901,32,4096
collect_SC,149,30,42949672,12884901,32,4096
collect_SC,169,30,42949672,12884901,32,4096
collect_SC,150,30,42949672,12884901,32,4096
collect_SC,144,30,42949672,12884901,32,4096
collect_SC,162,30,42949672,12884901,32,4096
collect_SC,155,30,42949672,12884901,32,4096
collect_SC,166,30,42949672,12884901,32,4096
collect_SC,269,40,42949672,17179868,32,4096
collect_SC,178,40,42949672,17179868,32,4096
collect_SC,232,40,42949672,17179868,32,4096
collect_SC,220,40,42949672,17179868,32,4096
collect_SC,229,40,42949672,17179868,32,4096
collect_SC,191,40,42949672,17179868,32,4096
collect_SC,221,40,42949672,17179868,32,4096
collect_SC,213,40,42949672,17179868,32,4096
collect_SC,194,40,42949672,17179868,32,4096
collect_SC,222,40,42949672,17179868,32,4096
collect_SC,246,40,42949672,17179868,32,4096
collect_SC,179,40,42949672,17179868,32,4096
collect_SC,195,40,42949672,17179868,32,4096
collect_SC,191,40,42949672,17179868,32,4096
collect_SC,198,40,42949672,17179868,32,4096
collect_SC,206,40,42949672,17179868,32,4096
collect_SC,192,40,42949672,17179868,32,4096
collect_SC,199,40,42949672,17179868,32,4096
collect_SC,226,40,42949672,17179868,32,4096
collect_SC,218,40,42949672,17179868,32,4096
collect_SC,187,40,42949672,17179868,32,4096
collect_SC,219,40,42949672,17179868,32,4096
collect_SC,217,40,42949672,17179868,32,4096
collect_SC,202,40,42949672,17179868,32,4096
collect_SC,210,40,42949672,17179868,32,4096
collect_SC,259,40,42949672,17179868,32,4096
collect_SC,209,40,42949672,17179868,32,4096
collect_SC,237,40,42949672,17179868,32,4096
collect_SC,206,40,42949672,17179868,32,4096
collect_SC,187,40,42949672,17179868,32,4096
collect_SC,185,40,42949672,17179868,32,4096
collect_SC,201,40,42949672,17179868,32,4096
collect_SC,269,50,42949672,21474836,32,4096
collect_SC,253,50,42949672,21474836,32,4096
collect_SC,269,50,42949672,21474836,32,4096
collect_SC,240,50,42949672,21474836,32,4096
collect_SC,251,50,42949672,21474836,32,4096
collect_SC,259,50,42949672,21474836,32,4096
collect_SC,237,50,42949672,21474836,32,4096
collect_SC,251,50,42949672,21474836,32,4096
collect_SC,262,50,42949672,21474836,32,4096
collect_SC,278,50,42949672,21474836,32,4096
collect_SC,262,50,42949672,21474836,32,4096
collect_SC,236,50,42949672,21474836,32,4096
collect_SC,246,50,42949672,21474836,32,4096
collect_SC,232,50,42949672,21474836,32,4096
collect_SC,250,50,42949672,21474836,32,4096
collect_SC,250,50,42949672,21474836,32,4096
collect_SC,277,50,42949672,21474836,32,4096
collect_SC,296,50,42949672,21474836,32,4096
collect_SC,234,50,42949672,21474836,32,4096
collect_SC,262,50,42949672,21474836,32,4096
collect_SC,285,50,42949672,21474836,32,4096
collect_SC,277,50,42949672,21474836,32,4096
collect_SC,261,50,42949672,21474836,32,4096
collect_SC,233,50,42949672,21474836,32,4096
collect_SC,247,50,42949672,21474836,32,4096
collect_SC,278,50,42949672,21474836,32,4096
collect_SC,278,50,42949672,21474836,32,4096
collect_SC,241,50,42949672,21474836,32,4096
collect_SC,234,50,42949672,21474836,32,4096
collect_SC,241,50,42949672,21474836,32,4096
collect_SC,254,50,42949672,21474836,32,4096
collect_SC,247,50,42949672,21474836,32,4096
collect_SC,379,60,42949672,25769803,32,4096
collect_SC,323,60,42949672,25769803,32,4096
collect_SC,323,60,42949672,25769803,32,4096
collect_SC,360,60,42949672,25769803,32,4096
collect_SC,348,60,42949672,25769803,32,4096
collect_SC,309,60,42949672,25769803,32,4096
collect_SC,351,60,42949672,25769803,32,4096
collect_SC,362,60,42949672,25769803,32,4096
collect_SC,328,60,42949672,25769803,32,4096
collect_SC,332,60,42949672,25769803,32,4096
collect_SC,343,60,42949672,25769803,32,4096
collect_SC,323,60,42949672,25769803,32,4096
collect_SC,351,60,42949672,25769803,32,4096
collect_SC,301,60,42949672,25769803,32,4096
collect_SC,353,60,42949672,25769803,32,4096
collect_SC,330,60,42949672,25769803,32,4096
collect_SC,309,60,42949672,25769803,32,4096
collect_SC,321,60,42949672,25769803,32,4096
collect_SC,358,60,42949672,25769803,32,4096
collect_SC,357,60,42949672,25769803,32,4096
collect_SC,288,60,42949672,25769803,32,4096
collect_SC,307,60,42949672,25769803,32,4096
collect_SC,331,60,42949672,25769803,32,4096
collect_SC,309,60,42949672,25769803,32,4096
collect_SC,326,60,42949672,25769803,32,4096
collect_SC,333,60,42949672,25769803,32,4096
collect_SC,304,60,42949672,25769803,32,4096
collect_SC,305,60,42949672,25769803,32,4096
collect_SC,343,60,42949672,25769803,32,4096
collect_SC,327,60,42949672,25769803,32,4096
collect_SC,316,60,42949672,25769803,32,4096
collect_SC,364,60,42949672,25769803,32,4096
collect_SC,513,70,42949672,30064770,32,4096
collect_SC,586,70,42949672,30064770,32,4096
collect_SC,610,70,42949672,30064770,32,4096
collect_SC,527,70,42949672,30064770,32,4096
collect_SC,632,70,42949672,30064770,32,4096
collect_SC,648,70,42949672,30064770,32,4096
collect_SC,554,70,42949672,30064770,32,4096
collect_SC,614,70,42949672,30064770,32,4096
collect_SC,653,70,42949672,30064770,32,4096
collect_SC,695,70,42949672,30064770,32,4096
collect_SC,558,70,42949672,30064770,32,4096
collect_SC,588,70,42949672,30064770,32,4096
collect_SC,618,70,42949672,30064770,32,4096
collect_SC,625,70,42949672,30064770,32,4096
collect_SC,567,70,42949672,30064770,32,4096
collect_SC,535,70,42949672,30064770,32,4096
collect_SC,559,70,42949672,30064770,32,4096
collect_SC,565,70,42949672,30064770,32,4096
collect_SC,614,70,42949672,30064770,32,4096
collect_SC,523,70,42949672,30064770,32,4096
collect_SC,673,70,42949672,30064770,32,4096
collect_SC,520,70,42949672,30064770,32,4096
collect_SC,641,70,42949672,30064770,32,4096
collect_SC,556,70,42949672,30064770,32,4096
collect_SC,523,70,42949672,30064770,32,4096
collect_SC,552,70,42949672,30064770,32,4096
collect_SC,609,70,42949672,30064770,32,4096
collect_SC,515,70,42949672,30064770,32,4096
collect_SC,627,70,42949672,30064770,32,4096
collect_SC,515,70,42949672,30064770,32,4096
collect_SC,529,70,42949672,30064770,32,4096
collect_SC,615,70,42949672,30064770,32,4096
collect_SC,3136,80,42949672,34359737,32,4096
collect_SC,3262,80,42949672,34359737,32,4096
collect_SC,3216,80,42949672,34359737,32,4096
collect_SC,3148,80,42949672,34359737,32,4096
collect_SC,3221,80,42949672,34359737,32,4096
collect_SC,3211,80,42949672,34359737,32,4096
collect_SC,3092,80,42949672,34359737,32,4096
collect_SC,3112,80,42949672,34359737,32,4096
collect_SC,3206,80,42949672,34359737,32,4096
collect_SC,3444,80,42949672,34359737,32,4096
collect_SC,3261,80,42949672,34359737,32,4096
collect_SC,3157,80,42949672,34359737,32,4096
collect_SC,3420,80,42949672,34359737,32,4096
collect_SC,3297,80,42949672,34359737,32,4096
collect_SC,3391,80,42949672,34359737,32,4096
collect_SC,5019,80,42949672,34359737,32,4096
collect_SC,3271,80,42949672,34359737,32,4096
collect_SC,3073,80,42949672,34359737,32,4096
collect_SC,3249,80,42949672,34359737,32,4096
collect_SC,3380,80,42949672,34359737,32,4096
collect_SC,3153,80,42949672,34359737,32,4096
collect_SC,3245,80,42949672,34359737,32,4096
collect_SC,3152,80,42949672,34359737,32,4096
collect_SC,3179,80,42949672,34359737,32,4096
collect_SC,3126,80,42949672,34359737,32,4096
collect_SC,3085,80,42949672,34359737,32,4096
collect_SC,3340,80,42949672,34359737,32,4096
collect_SC,3337,80,42949672,34359737,32,4096
collect_SC,3333,80,42949672,34359737,32,4096
collect_SC,3422,80,42949672,34359737,32,4096
collect_SC,3176,80,42949672,34359737,32,4096
collect_SC,5197,80,42949672,34359737,32,4096
collect_SC,3397,90,42949672,38654704,32,4096
collect_SC,3235,90,42949672,38654704,32,4096
collect_SC,3311,90,42949672,38654704,32,4096
collect_SC,3189,90,42949672,38654704,32,4096
collect_SC,3281,90,42949672,38654704,32,4096
collect_SC,3222,90,42949672,38654704,32,4096
collect_SC,3344,90,42949672,38654704,32,4096
collect_SC,3303,90,42949672,38654704,32,4096
collect_SC,3204,90,42949672,38654704,32,4096
collect_SC,3394,90,42949672,38654704,32,4096
collect_SC,3285,90,42949672,38654704,32,4096
collect_SC,3418,90,42949672,38654704,32,4096
collect_SC,3215,90,42949672,38654704,32,4096
collect_SC,3331,90,42949672,38654704,32,4096
collect_SC,3309,90,42949672,38654704,32,4096
collect_SC,3276,90,42949672,38654704,32,4096
collect_SC,3355,90,42949672,38654704,32,4096
collect_SC,3187,90,42949672,38654704,32,4096
collect_SC,3220,90,42949672,38654704,32,4096
collect_SC,3386,90,42949672,38654704,32,4096
collect_SC,3191,90,42949672,38654704,32,4096
collect_SC,3404,90,42949672,38654704,32,4096
collect_SC,3137,90,42949672,38654704,32,4096
collect_SC,3178,90,42949672,38654704,32,4096
collect_SC,3229,90,42949672,38654704,32,4096
collect_SC,3266,90,42949672,38654704,32,4096
collect_SC,3373,90,42949672,38654704,32,4096
collect_SC,3191,90,42949672,38654704,32,4096
collect_SC,3547,90,42949672,38654704,32,4096
collect_SC,3305,90,42949672,38654704,32,4096
collect_SC,3264,90,42949672,38654704,32,4096
collect_SC,3307,90,42949672,38654704,32,4096
collect_SC,3366,100,42949672,42949672,32,4096
collect_SC,3458,100,42949672,42949672,32,4096
collect_SC,3338,100,42949672,42949672,32,4096
collect_SC,3520,100,42949672,42949672,32,4096
collect_SC,3367,100,42949672,42949672,32,4096
collect_SC,3318,100,42949672,42949672,32,4096
collect_SC,3441,100,42949672,42949672,32,4096
collect_SC,3295,100,42949672,42949672,32,4096
collect_SC,3234,100,42949672,42949672,32,4096
collect_SC,3219,100,42949672,42949672,32,4096
collect_SC,3237,100,42949672,42949672,32,4096
collect_SC,3351,100,42949672,42949672,32,4096
collect_SC,3362,100,42949672,42949672,32,4096
collect_SC,3489,100,42949672,42949672,32,4096
collect_SC,3288,100,42949672,42949672,32,4096
collect_SC,3422,100,42949672,42949672,32,4096
collect_SC,3294,100,42949672,42949672,32,4096
collect_SC,3641,100,42949672,42949672,32,4096
collect_SC,3259,100,42949672,42949672,32,4096
collect_SC,3275,100,42949672,42949672,32,4096
collect_SC,3335,100,42949672,42949672,32,4096
collect_SC,3269,100,42949672,42949672,32,4096
collect_SC,3421,100,42949672,42949672,32,4096
collect_SC,3328,100,42949672,42949672,32,4096
collect_SC,3338,100,42949672,42949672,32,4096
collect_SC,3269,100,42949672,42949672,32,4096
collect_SC,3488,100,42949672,42949672,32,4096
collect_SC,3280,100,42949672,42949672,32,4096
collect_SC,3334,100,42949672,42949672,32,4096
collect_SC,3308,100,42949672,42949672,32,4096
collect_SC,3223,100,42949672,42949672,32,4096
collect_SC,3493,100,42949672,42949672,32,4096
collect_SC,87,10,48318382,4831838,36,4608
collect_SC,78,10,48318382,4831838,36,4608
collect_SC,81,10,48318382,4831838,36,4608
collect_SC,85,10,48318382,4831838,36,4608
collect_SC,79,10,48318382,4831838,36,4608
collect_SC,83,10,48318382,4831838,36,4608
collect_SC,75,10,48318382,4831838,36,4608
collect_SC,82,10,48318382,4831838,36,4608
collect_SC,76,10,48318382,4831838,36,4608
collect_SC,98,10,48318382,4831838,36,4608
collect_SC,94,10,48318382,4831838,36,4608
collect_SC,84,10,48318382,4831838,36,4608
collect_SC,77,10,48318382,4831838,36,4608
collect_SC,82,10,48318382,4831838,36,4608
collect_SC,63,10,48318382,4831838,36,4608
collect_SC,72,10,48318382,4831838,36,4608
collect_SC,82,10,48318382,4831838,36,4608
collect_SC,69,10,48318382,4831838,36,4608
collect_SC,102,10,48318382,4831838,36,4608
collect_SC,80,10,48318382,4831838,36,4608
collect_SC,108,10,48318382,4831838,36,4608
collect_SC,102,10,48318382,4831838,36,4608
collect_SC,89,10,48318382,4831838,36,4608
collect_SC,108,10,48318382,4831838,36,4608
collect_SC,111,10,48318382,4831838,36,4608
collect_SC,86,10,48318382,4831838,36,4608
collect_SC,74,10,48318382,4831838,36,4608
collect_SC,75,10,48318382,4831838,36,4608
collect_SC,79,10,48318382,4831838,36,4608
collect_SC,87,10,48318382,4831838,36,4608
collect_SC,72,10,48318382,4831838,36,4608
collect_SC,93,10,48318382,4831838,36,4608
collect_SC,82,10,48318382,4831838,36,4608
collect_SC,84,10,48318382,4831838,36,4608
collect_SC,91,10,48318382,4831838,36,4608
collect_SC,79,10,48318382,4831838,36,4608
collect_SC,125,20,48318382,9663676,36,4608
collect_SC,158,20,48318382,9663676,36,4608
collect_SC,106,20,48318382,9663676,36,4608
collect_SC,156,20,48318382,9663676,36,4608
collect_SC,124,20,48318382,9663676,36,4608
collect_SC,110,20,48318382,9663676,36,4608
collect_SC,143,20,48318382,9663676,36,4608
collect_SC,124,20,48318382,9663676,36,4608
collect_SC,120,20,48318382,9663676,36,4608
collect_SC,131,20,48318382,9663676,36,4608
collect_SC,141,20,48318382,9663676,36,4608
collect_SC,133,20,48318382,9663676,36,4608
collect_SC,139,20,48318382,9663676,36,4608
collect_SC,156,20,48318382,9663676,36,4608
collect_SC,103,20,48318382,9663676,36,4608
collect_SC,130,20,48318382,9663676,36,4608
collect_SC,122,20,48318382,9663676,36,4608
collect_SC,112,20,48318382,9663676,36,4608
collect_SC,125,20,48318382,9663676,36,4608
collect_SC,123,20,48318382,9663676,36,4608
collect_SC,104,20,48318382,9663676,36,4608
collect_SC,128,20,48318382,9663676,36,4608
collect_SC,117,20,48318382,9663676,36,4608
collect_SC,113,20,48318382,9663676,36,4608
collect_SC,108,20,48318382,9663676,36,4608
collect_SC,145,20,48318382,9663676,36,4608
collect_SC,125,20,48318382,9663676,36,4608
collect_SC,130,20,48318382,9663676,36,4608
collect_SC,105,20,48318382,9663676,36,4608
collect_SC,123,20,48318382,9663676,36,4608
collect_SC,136,20,48318382,9663676,36,4608
collect_SC,149,20,48318382,9663676,36,4608
collect_SC,89,20,48318382,9663676,36,4608
collect_SC,106,20,48318382,9663676,36,4608
collect_SC,110,20,48318382,9663676,36,4608
collect_SC,86,20,48318382,9663676,36,4608
collect_SC,188,30,48318382,14495514,36,4608
collect_SC,163,30,48318382,14495514,36,4608
collect_SC,179,30,48318382,14495514,36,4608
collect_SC,188,30,48318382,14495514,36,4608
collect_SC,181,30,48318382,14495514,36,4608
collect_SC,167,30,48318382,14495514,36,4608
collect_SC,159,30,48318382,14495514,36,4608
collect_SC,163,30,48318382,14495514,36,4608
collect_SC,149,30,48318382,14495514,36,4608
collect_SC,165,30,48318382,14495514,36,4608
collect_SC,203,30,48318382,14495514,36,4608
collect_SC,179,30,48318382,14495514,36,4608
collect_SC,177,30,48318382,14495514,36,4608
collect_SC,162,30,48318382,14495514,36,4608
collect_SC,142,30,48318382,14495514,36,4608
collect_SC,177,30,48318382,14495514,36,4608
collect_SC,175,30,48318382,14495514,36,4608
collect_SC,166,30,48318382,14495514,36,4608
collect_SC,160,30,48318382,14495514,36,4608
collect_SC,185,30,48318382,14495514,36,4608
collect_SC,168,30,48318382,14495514,36,4608
collect_SC,173,30,48318382,14495514,36,4608
collect_SC,166,30,48318382,14495514,36,4608
collect_SC,187,30,48318382,14495514,36,4608
collect_SC,200,30,48318382,14495514,36,4608
collect_SC,146,30,48318382,14495514,36,4608
collect_SC,175,30,48318382,14495514,36,4608
collect_SC,185,30,48318382,14495514,36,4608
collect_SC,148,30,48318382,14495514,36,4608
collect_SC,162,30,48318382,14495514,36,4608
collect_SC,180,30,48318382,14495514,36,4608
collect_SC,151,30,48318382,14495514,36,4608
collect_SC,153,30,48318382,14495514,36,4608
collect_SC,148,30,48318382,14495514,36,4608
collect_SC,151,30,48318382,14495514,36,4608
collect_SC,175,30,48318382,14495514,36,4608
collect_SC,204,40,48318382,19327352,36,4608
collect_SC,191,40,48318382,19327352,36,4608
collect_SC,240,40,48318382,19327352,36,4608
collect_SC,248,40,48318382,19327352,36,4608
collect_SC,180,40,48318382,19327352,36,4608
collect_SC,194,40,48318382,19327352,36,4608
collect_SC,199,40,48318382,19327352,36,4608
collect_SC,214,40,48318382,19327352,36,4608
collect_SC,215,40,48318382,19327352,36,4608
collect_SC,213,40,48318382,19327352,36,4608
collect_SC,219,40,48318382,19327352,36,4608
collect_SC,190,40,48318382,19327352,36,4608
collect_SC,197,40,48318382,19327352,36,4608
collect_SC,249,40,48318382,19327352,36,4608
collect_SC,221,40,48318382,19327352,36,4608
collect_SC,249,40,48318382,19327352,36,4608
collect_SC,179,40,48318382,19327352,36,4608
collect_SC,234,40,48318382,19327352,36,4608
collect_SC,197,40,48318382,19327352,36,4608
collect_SC,225,40,48318382,19327352,36,4608
collect_SC,203,40,48318382,19327352,36,4608
collect_SC,219,40,48318382,19327352,36,4608
collect_SC,280,40,48318382,19327352,36,4608
collect_SC,207,40,48318382,19327352,36,4608
collect_SC,223,40,48318382,19327352,36,4608
collect_SC,204,40,48318382,19327352,36,4608
collect_SC,227,40,48318382,19327352,36,4608
collect_SC,216,40,48318382,19327352,36,4608
collect_SC,192,40,48318382,19327352,36,4608
collect_SC,191,40,48318382,19327352,36,4608
collect_SC,226,40,48318382,19327352,36,4608
collect_SC,238,40,48318382,19327352,36,4608
collect_SC,230,40,48318382,19327352,36,4608
collect_SC,223,40,48318382,19327352,36,4608
collect_SC,223,40,48318382,19327352,36,4608
collect_SC,225,40,48318382,19327352,36,4608
collect_SC,252,50,48318382,24159191,36,4608
collect_SC,210,50,48318382,24159191,36,4608
collect_SC,255,50,48318382,24159191,36,4608
collect_SC,250,50,48318382,24159191,36,4608
collect_SC,225,50,48318382,24159191,36,4608
collect_SC,241,50,48318382,24159191,36,4608
collect_SC,255,50,48318382,24159191,36,4608
collect_SC,260,50,48318382,24159191,36,4608
collect_SC,276,50,48318382,24159191,36,4608
collect_SC,253,50,48318382,24159191,36,4608
collect_SC,244,50,48318382,24159191,36,4608
collect_SC,259,50,48318382,24159191,36,4608
collect_SC,268,50,48318382,24159191,36,4608
collect_SC,267,50,48318382,24159191,36,4608
collect_SC,260,50,48318382,24159191,36,4608
collect_SC,253,50,48318382,24159191,36,4608
collect_SC,237,50,48318382,24159191,36,4608
collect_SC,236,50,48318382,24159191,36,4608
collect_SC,242,50,48318382,24159191,36,4608
collect_SC,303,50,48318382,24159191,36,4608
collect_SC,256,50,48318382,24159191,36,4608
collect_SC,273,50,48318382,24159191,36,4608
collect_SC,233,50,48318382,24159191,36,4608
collect_SC,208,50,48318382,24159191,36,4608
collect_SC,247,50,48318382,24159191,36,4608
collect_SC,233,50,48318382,24159191,36,4608
collect_SC,293,50,48318382,24159191,36,4608
collect_SC,269,50,48318382,24159191,36,4608
collect_SC,235,50,48318382,24159191,36,4608
collect_SC,269,50,48318382,24159191,36,4608
collect_SC,260,50,48318382,24159191,36,4608
collect_SC,256,50,48318382,24159191,36,4608
collect_SC,267,50,48318382,24159191,36,4608
collect_SC,260,50,48318382,24159191,36,4608
collect_SC,268,50,48318382,24159191,36,4608
collect_SC,248,50,48318382,24159191,36,4608
collect_SC,324,60,48318382,28991029,36,4608
collect_SC,328,60,48318382,28991029,36,4608
collect_SC,337,60,48318382,28991029,36,4608
collect_SC,375,60,48318382,28991029,36,4608
collect_SC,292,60,48318382,28991029,36,4608
collect_SC,324,60,48318382,28991029,36,4608
collect_SC,301,60,48318382,28991029,36,4608
collect_SC,343,60,48318382,28991029,36,4608
collect_SC,297,60,48318382,28991029,36,4608
collect_SC,317,60,48318382,28991029,36,4608
collect_SC,325,60,48318382,28991029,36,4608
collect_SC,325,60,48318382,28991029,36,4608
collect_SC,229,60,48318382,28991029,36,4608
collect_SC,361,60,48318382,28991029,36,4608
collect_SC,347,60,48318382,28991029,36,4608
collect_SC,342,60,48318382,28991029,36,4608
collect_SC,362,60,48318382,28991029,36,4608
collect_SC,332,60,48318382,28991029,36,4608
collect_SC,333,60,48318382,28991029,36,4608
collect_SC,317,60,48318382,28991029,36,4608
collect_SC,351,60,48318382,28991029,36,4608
collect_SC,314,60,48318382,28991029,36,4608
collect_SC,285,60,48318382,28991029,36,4608
collect_SC,363,60,48318382,28991029,36,4608
collect_SC,302,60,48318382,28991029,36,4608
collect_SC,315,60,48318382,28991029,36,4608
collect_SC,285,60,48318382,28991029,36,4608
collect_SC,344,60,48318382,28991029,36,4608
collect_SC,327,60,48318382,28991029,36,4608
collect_SC,351,60,48318382,28991029,36,4608
collect_SC,280,60,48318382,28991029,36,4608
collect_SC,339,60,48318382,28991029,36,4608
collect_SC,301,60,48318382,28991029,36,4608
collect_SC,275,60,48318382,28991029,36,4608
collect_SC,349,60,48318382,28991029,36,4608
collect_SC,305,60,48318382,28991029,36,4608
collect_SC,541,70,48318382,33822867,36,4608
collect_SC,605,70,48318382,33822867,36,4608
collect_SC,557,70,48318382,33822867,36,4608
collect_SC,554,70,48318382,33822867,36,4608
collect_SC,670,70,48318382,33822867,36,4608
collect_SC,400,70,48318382,33822867,36,4608
collect_SC,377,70,48318382,33822867,36,4608
collect_SC,582,70,48318382,33822867,36,4608
collect_SC,588,70,48318382,33822867,36,4608
collect_SC,392,70,48318382,33822867,36,4608
collect_SC,427,70,48318382,33822867,36,4608
collect_SC,669,70,48318382,33822867,36,4608
collect_SC,592,70,48318382,33822867,36,4608
collect_SC,580,70,48318382,33822867,36,4608
collect_SC,571,70,48318382,33822867,36,4608
collect_SC,568,70,48318382,33822867,36,4608
collect_SC,650,70,48318382,33822867,36,4608
collect_SC,494,70,48318382,33822867,36,4608
collect_SC,434,70,48318382,33822867,36,4608
collect_SC,640,70,48318382,33822867,36,4608
collect_SC,550,70,48318382,33822867,36,4608
collect_SC,431,70,48318382,33822867,36,4608
collect_SC,555,70,48318382,33822867,36,4608
collect_SC,610,70,48318382,33822867,36,4608
collect_SC,629,70,48318382,33822867,36,4608
collect_SC,617,70,48318382,33822867,36,4608
collect_SC,659,70,48318382,33822867,36,4608
collect_SC,466,70,48318382,33822867,36,4608
collect_SC,552,70,48318382,33822867,36,4608
collect_SC,622,70,48318382,33822867,36,4608
collect_SC,602,70,48318382,33822867,36,4608
collect_SC,491,70,48318382,33822867,36,4608
collect_SC,557,70,48318382,33822867,36,4608
collect_SC,567,70,48318382,33822867,36,4608
collect_SC,571,70,48318382,33822867,36,4608
collect_SC,632,70,48318382,33822867,36,4608
collect_SC,5046,80,48318382,38654705,36,4608
collect_SC,3389,80,48318382,38654705,36,4608
collect_SC,3357,80,48318382,38654705,36,4608
collect_SC,3567,80,48318382,38654705,36,4608
collect_SC,3219,80,48318382,38654705,36,4608
collect_SC,3189,80,48318382,38654705,36,4608
collect_SC,3327,80,48318382,38654705,36,4608
collect_SC,3219,80,48318382,38654705,36,4608
collect_SC,3229,80,48318382,38654705,36,4608
collect_SC,3153,80,48318382,38654705,36,4608
collect_SC,3075,80,48318382,38654705,36,4608
collect_SC,3251,80,48318382,38654705,36,4608
collect_SC,3649,80,48318382,38654705,36,4608
collect_SC,3107,80,48318382,38654705,36,4608
collect_SC,3173,80,48318382,38654705,36,4608
collect_SC,3228,80,48318382,38654705,36,4608
collect_SC,3211,80,48318382,38654705,36,4608
collect_SC,4173,80,48318382,38654705,36,4608
collect_SC,3315,80,48318382,38654705,36,4608
collect_SC,3236,80,48318382,38654705,36,4608
collect_SC,4521,80,48318382,38654705,36,4608
collect_SC,3174,80,48318382,38654705,36,4608
collect_SC,3087,80,48318382,38654705,36,4608
collect_SC,3192,80,48318382,38654705,36,4608
collect_SC,3353,80,48318382,38654705,36,4608
collect_SC,3261,80,48318382,38654705,36,4608
collect_SC,3390,80,48318382,38654705,36,4608
collect_SC,3004,80,48318382,38654705,36,4608
collect_SC,3188,80,48318382,38654705,36,4608
collect_SC,3186,80,48318382,38654705,36,4608
collect_SC,3240,80,48318382,38654705,36,4608
collect_SC,3753,80,48318382,38654705,36,4608
collect_SC,3210,80,48318382,38654705,36,4608
collect_SC,3282,80,48318382,38654705,36,4608
collect_SC,3241,80,48318382,38654705,36,4608
collect_SC,3575,80,48318382,38654705,36,4608
collect_SC,3385,90,48318382,43486543,36,4608
collect_SC,3377,90,48318382,43486543,36,4608
collect_SC,3299,90,48318382,43486543,36,4608
collect_SC,3080,90,48318382,43486543,36,4608
collect_SC,3632,90,48318382,43486543,36,4608
collect_SC,3369,90,48318382,43486543,36,4608
collect_SC,3440,90,48318382,43486543,36,4608
collect_SC,3189,90,48318382,43486543,36,4608
collect_SC,3244,90,48318382,43486543,36,4608
collect_SC,3578,90,48318382,43486543,36,4608
collect_SC,3337,90,48318382,43486543,36,4608
collect_SC,3335,90,48318382,43486543,36,4608
collect_SC,3151,90,48318382,43486543,36,4608
collect_SC,3290,90,48318382,43486543,36,4608
collect_SC,3348,90,48318382,43486543,36,4608
collect_SC,3382,90,48318382,43486543,36,4608
collect_SC,3498,90,48318382,43486543,36,4608
collect_SC,3429,90,48318382,43486543,36,4608
collect_SC,3212,90,48318382,43486543,36,4608
collect_SC,3296,90,48318382,43486543,36,4608
collect_SC,3202,90,48318382,43486543,36,4608
collect_SC,3651,90,48318382,43486543,36,4608
collect_SC,3238,90,48318382,43486543,36,4608
collect_SC,3371,90,48318382,43486543,36,4608
collect_SC,3426,90,48318382,43486543,36,4608
collect_SC,3590,90,48318382,43486543,36,4608
collect_SC,3315,90,48318382,43486543,36,4608
collect_SC,3363,90,48318382,43486543,36,4608
collect_SC,3334,90,48318382,43486543,36,4608
collect_SC,3373,90,48318382,43486543,36,4608
collect_SC,3227,90,48318382,43486543,36,4608
collect_SC,3281,90,48318382,43486543,36,4608
collect_SC,3146,90,48318382,43486543,36,4608
collect_SC,3334,90,48318382,43486543,36,4608
collect_SC,3185,90,48318382,43486543,36,4608
collect_SC,3311,90,48318382,43486543,36,4608
collect_SC,7680,100,48318382,48318382,36,4608
collect_SC,3420,100,48318382,48318382,36,4608
collect_SC,3627,100,48318382,48318382,36,4608
collect_SC,3315,100,48318382,48318382,36,4608
collect_SC,3332,100,48318382,48318382,36,4608
collect_SC,3205,100,48318382,48318382,36,4608
collect_SC,3252,100,48318382,48318382,36,4608
collect_SC,3355,100,48318382,48318382,36,4608
collect_SC,3505,100,48318382,48318382,36,4608
collect_SC,3356,100,48318382,48318382,36,4608
collect_SC,3232,100,48318382,48318382,36,4608
collect_SC,3215,100,48318382,48318382,36,4608
collect_SC,3327,100,48318382,48318382,36,4608
collect_SC,3204,100,48318382,48318382,36,4608
collect_SC,3285,100,48318382,48318382,36,4608
collect_SC,3222,100,48318382,48318382,36,4608
collect_SC,3327,100,48318382,48318382,36,4608
collect_SC,3303,100,48318382,48318382,36,4608
collect_SC,3275,100,48318382,48318382,36,4608
collect_SC,3638,100,48318382,48318382,36,4608
collect_SC,7055,100,48318382,48318382,36,4608
collect_SC,3282,100,48318382,48318382,36,4608
collect_SC,3306,100,48318382,48318382,36,4608
collect_SC,3365,100,48318382,48318382,36,4608
collect_SC,3490,100,48318382,48318382,36,4608
collect_SC,3262,100,48318382,48318382,36,4608
collect_SC,3430,100,48318382,48318382,36,4608
collect_SC,3293,100,48318382,48318382,36,4608
collect_SC,3492,100,48318382,48318382,36,4608
collect_SC,3248,100,48318382,48318382,36,4608
collect_SC,3367,100,48318382,48318382,36,4608
collect_SC,3346,100,48318382,48318382,36,4608
collect_SC,3391,100,48318382,48318382,36,4608
collect_SC,3243,100,48318382,48318382,36,4608
collect_SC,3370,100,48318382,48318382,36,4608
collect_SC,3379,100,48318382,48318382,36,4608
collect_SC,79,10,53687091,5368709,40,5120
collect_SC,89,10,53687091,5368709,40,5120
collect_SC,73,10,53687091,5368709,40,5120
collect_SC,85,10,53687091,5368709,40,5120
collect_SC,84,10,53687091,5368709,40,5120
collect_SC,73,10,53687091,5368709,40,5120
collect_SC,59,10,53687091,5368709,40,5120
collect_SC,76,10,53687091,5368709,40,5120
collect_SC,74,10,53687091,5368709,40,5120
collect_SC,83,10,53687091,5368709,40,5120
collect_SC,101,10,53687091,5368709,40,5120
collect_SC,78,10,53687091,5368709,40,5120
collect_SC,100,10,53687091,5368709,40,5120
collect_SC,55,10,53687091,5368709,40,5120
collect_SC,62,10,53687091,5368709,40,5120
collect_SC,67,10,53687091,5368709,40,5120
collect_SC,50,10,53687091,5368709,40,5120
collect_SC,75,10,53687091,5368709,40,5120
collect_SC,82,10,53687091,5368709,40,5120
collect_SC,87,10,53687091,5368709,40,5120
collect_SC,90,10,53687091,5368709,40,5120
collect_SC,76,10,53687091,5368709,40,5120
collect_SC,80,10,53687091,5368709,40,5120
collect_SC,72,10,53687091,5368709,40,5120
collect_SC,97,10,53687091,5368709,40,5120
collect_SC,95,10,53687091,5368709,40,5120
collect_SC,64,10,53687091,5368709,40,5120
collect_SC,86,10,53687091,5368709,40,5120
collect_SC,70,10,53687091,5368709,40,5120
collect_SC,87,10,53687091,5368709,40,5120
collect_SC,90,10,53687091,5368709,40,5120
collect_SC,74,10,53687091,5368709,40,5120
collect_SC,79,10,53687091,5368709,40,5120
collect_SC,83,10,53687091,5368709,40,5120
collect_SC,63,10,53687091,5368709,40,5120
collect_SC,61,10,53687091,5368709,40,5120
collect_SC,62,10,53687091,5368709,40,5120
collect_SC,72,10,53687091,5368709,40,5120
collect_SC,83,10,53687091,5368709,40,5120
collect_SC,75,10,53687091,5368709,40,5120
collect_SC,118,20,53687091,10737418,40,5120
collect_SC,141,20,53687091,10737418,40,5120
collect_SC,100,20,53687091,10737418,40,5120
collect_SC,140,20,53687091,10737418,40,5120
collect_SC,129,20,53687091,10737418,40,5120
collect_SC,115,20,53687091,10737418,40,5120
collect_SC,119,20,53687091,10737418,40,5120
collect_SC,114,20,53687091,10737418,40,5120
collect_SC,119,20,53687091,10737418,40,5120
collect_SC,128,20,53687091,10737418,40,5120
collect_SC,119,20,53687091,10737418,40,5120
collect_SC,122,20,53687091,10737418,40,5120
collect_SC,119,20,53687091,10737418,40,5120
collect_SC,140,20,53687091,10737418,40,5120
collect_SC,108,20,53687091,10737418,40,5120
collect_SC,146,20,53687091,10737418,40,5120
collect_SC,131,20,53687091,10737418,40,5120
collect_SC,113,20,53687091,10737418,40,5120
collect_SC,116,20,53687091,10737418,40,5120
collect_SC,143,20,53687091,10737418,40,5120
collect_SC,133,20,53687091,10737418,40,5120
collect_SC,120,20,53687091,10737418,40,5120
collect_SC,151,20,53687091,10737418,40,5120
collect_SC,120,20,53687091,10737418,40,5120
collect_SC,128,20,53687091,10737418,40,5120
collect_SC,112,20,53687091,10737418,40,5120
collect_SC,124,20,53687091,10737418,40,5120
collect_SC,131,20,53687091,10737418,40,5120
collect_SC,112,20,53687091,10737418,40,5120
collect_SC,124,20,53687091,10737418,40,5120
collect_SC,136,20,53687091,10737418,40,5120
collect_SC,121,20,53687091,10737418,40,5120
collect_SC,111,20,53687091,10737418,40,5120
collect_SC,156,20,53687091,10737418,40,5120
collect_SC,123,20,53687091,10737418,40,5120
collect_SC,125,20,53687091,10737418,40,5120
collect_SC,111,20,53687091,10737418,40,5120
collect_SC,122,20,53687091,10737418,40,5120
collect_SC,121,20,53687091,10737418,40,5120
collect_SC,143,20,53687091,10737418,40,5120
collect_SC,174,30,53687091,16106127,40,5120
collect_SC,181,30,53687091,16106127,40,5120
collect_SC,149,30,53687091,16106127,40,5120
collect_SC,164,30,53687091,16106127,40,5120
collect_SC,153,30,53687091,16106127,40,5120
collect_SC,168,30,53687091,16106127,40,5120
collect_SC,163,30,53687091,16106127,40,5120
collect_SC,146,30,53687091,16106127,40,5120
collect_SC,174,30,53687091,16106127,40,5120
collect_SC,159,30,53687091,16106127,40,5120
collect_SC,165,30,53687091,16106127,40,5120
collect_SC,196,30,53687091,16106127,40,5120
collect_SC,178,30,53687091,16106127,40,5120
collect_SC,168,30,53687091,16106127,40,5120
collect_SC,148,30,53687091,16106127,40,5120
collect_SC,176,30,53687091,16106127,40,5120
collect_SC,159,30,53687091,16106127,40,5120
collect_SC,176,30,53687091,16106127,40,5120
collect_SC,158,30,53687091,16106127,40,5120
collect_SC,180,30,53687091,16106127,40,5120
collect_SC,179,30,53687091,16106127,40,5120
collect_SC,151,30,53687091,16106127,40,5120
collect_SC,168,30,53687091,16106127,40,5120
collect_SC,178,30,53687091,16106127,40,5120
collect_SC,163,30,53687091,16106127,40,5120
collect_SC,153,30,53687091,16106127,40,5120
collect_SC,175,30,53687091,16106127,40,5120
collect_SC,153,30,53687091,16106127,40,5120
collect_SC,192,30,53687091,16106127,40,5120
collect_SC,183,30,53687091,16106127,40,5120
collect_SC,180,30,53687091,16106127,40,5120
collect_SC,163,30,53687091,16106127,40,5120
collect_SC,139,30,53687091,16106127,40,5120
collect_SC,182,30,53687091,16106127,40,5120
collect_SC,188,30,53687091,16106127,40,5120
collect_SC,154,30,53687091,16106127,40,5120
collect_SC,201,30,53687091,16106127,40,5120
collect_SC,155,30,53687091,16106127,40,5120
collect_SC,189,30,53687091,16106127,40,5120
collect_SC,162,30,53687091,16106127,40,5120
collect_SC,244,40,53687091,21474836,40,5120
collect_SC,208,40,53687091,21474836,40,5120
collect_SC,206,40,53687091,21474836,40,5120
collect_SC,209,40,53687091,21474836,40,5120
collect_SC,203,40,53687091,21474836,40,5120
collect_SC,200,40,53687091,21474836,40,5120
collect_SC,200,40,53687091,21474836,40,5120
collect_SC,241,40,53687091,21474836,40,5120
collect_SC,210,40,53687091,21474836,40,5120
collect_SC,241,40,53687091,21474836,40,5120
collect_SC,214,40,53687091,21474836,40,5120
collect_SC,186,40,53687091,21474836,40,5120
collect_SC,207,40,53687091,21474836,40,5120
collect_SC,222,40,53687091,21474836,40,5120
collect_SC,204,40,53687091,21474836,40,5120
collect_SC,220,40,53687091,21474836,40,5120
collect_SC,196,40,53687091,21474836,40,5120
collect_SC,254,40,53687091,21474836,40,5120
collect_SC,202,40,53687091,21474836,40,5120
collect_SC,214,40,53687091,21474836,40,5120
collect_SC,234,40,53687091,21474836,40,5120
collect_SC,201,40,53687091,21474836,40,5120
collect_SC,263,40,53687091,21474836,40,5120
collect_SC,203,40,53687091,21474836,40,5120
collect_SC,198,40,53687091,21474836,40,5120
collect_SC,201,40,53687091,21474836,40,5120
collect_SC,204,40,53687091,21474836,40,5120
collect_SC,225,40,53687091,21474836,40,5120
collect_SC,231,40,53687091,21474836,40,5120
collect_SC,225,40,53687091,21474836,40,5120
collect_SC,198,40,53687091,21474836,40,5120
collect_SC,197,40,53687091,21474836,40,5120
collect_SC,186,40,53687091,21474836,40,5120
collect_SC,193,40,53687091,21474836,40,5120
collect_SC,171,40,53687091,21474836,40,5120
collect_SC,176,40,53687091,21474836,40,5120
collect_SC,201,40,53687091,21474836,40,5120
collect_SC,199,40,53687091,21474836,40,5120
collect_SC,223,40,53687091,21474836,40,5120
collect_SC,224,40,53687091,21474836,40,5120
collect_SC,251,50,53687091,26843545,40,5120
collect_SC,264,50,53687091,26843545,40,5120
collect_SC,267,50,53687091,26843545,40,5120
collect_SC,253,50,53687091,26843545,40,5120
collect_SC,252,50,53687091,26843545,40,5120
collect_SC,257,50,53687091,26843545,40,5120
collect_SC,251,50,53687091,26843545,40,5120
collect_SC,187,50,53687091,26843545,40,5120
collect_SC,259,50,53687091,26843545,40,5120
collect_SC,248,50,53687091,26843545,40,5120
collect_SC,246,50,53687091,26843545,40,5120
collect_SC,273,50,53687091,26843545,40,5120
collect_SC,280,50,53687091,26843545,40,5120
collect_SC,258,50,53687091,26843545,40,5120
collect_SC,272,50,53687091,26843545,40,5120
collect_SC,251,50,53687091,26843545,40,5120
collect_SC,279,50,53687091,26843545,40,5120
collect_SC,245,50,53687091,26843545,40,5120
collect_SC,225,50,53687091,26843545,40,5120
collect_SC,246,50,53687091,26843545,40,5120
collect_SC,251,50,53687091,26843545,40,5120
collect_SC,228,50,53687091,26843545,40,5120
collect_SC,248,50,53687091,26843545,40,5120
collect_SC,264,50,53687091,26843545,40,5120
collect_SC,266,50,53687091,26843545,40,5120
collect_SC,274,50,53687091,26843545,40,5120
collect_SC,256,50,53687091,26843545,40,5120
collect_SC,252,50,53687091,26843545,40,5120
collect_SC,247,50,53687091,26843545,40,5120
collect_SC,229,50,53687091,26843545,40,5120
collect_SC,251,50,53687091,26843545,40,5120
collect_SC,190,50,53687091,26843545,40,5120
collect_SC,199,50,53687091,26843545,40,5120
collect_SC,243,50,53687091,26843545,40,5120
collect_SC,253,50,53687091,26843545,40,5120
collect_SC,264,50,53687091,26843545,40,5120
collect_SC,255,50,53687091,26843545,40,5120
collect_SC,256,50,53687091,26843545,40,5120
collect_SC,229,50,53687091,26843545,40,5120
collect_SC,288,50,53687091,26843545,40,5120
collect_SC,319,60,53687091,32212254,40,5120
collect_SC,330,60,53687091,32212254,40,5120
collect_SC,308,60,53687091,32212254,40,5120
collect_SC,330,60,53687091,32212254,40,5120
collect_SC,294,60,53687091,32212254,40,5120
collect_SC,332,60,53687091,32212254,40,5120
collect_SC,362,60,53687091,32212254,40,5120
collect_SC,340,60,53687091,32212254,40,5120
collect_SC,316,60,53687091,32212254,40,5120
collect_SC,312,60,53687091,32212254,40,5120
collect_SC,362,60,53687091,32212254,40,5120
collect_SC,311,60,53687091,32212254,40,5120
collect_SC,355,60,53687091,32212254,40,5120
collect_SC,336,60,53687091,32212254,40,5120
collect_SC,350,60,53687091,32212254,40,5120
collect_SC,331,60,53687091,32212254,40,5120
collect_SC,345,60,53687091,32212254,40,5120
collect_SC,317,60,53687091,32212254,40,5120
collect_SC,368,60,53687091,32212254,40,5120
collect_SC,328,60,53687091,32212254,40,5120
collect_SC,322,60,53687091,32212254,40,5120
collect_SC,297,60,53687091,32212254,40,5120
collect_SC,363,60,53687091,32212254,40,5120
collect_SC,360,60,53687091,32212254,40,5120
collect_SC,333,60,53687091,32212254,40,5120
collect_SC,347,60,53687091,32212254,40,5120
collect_SC,328,60,53687091,32212254,40,5120
collect_SC,319,60,53687091,32212254,40,5120
collect_SC,347,60,53687091,32212254,40,5120
collect_SC,283,60,53687091,32212254,40,5120
collect_SC,322,60,53687091,32212254,40,5120
collect_SC,343,60,53687091,32212254,40,5120
collect_SC,327,60,53687091,32212254,40,5120
collect_SC,292,60,53687091,32212254,40,5120
collect_SC,354,60,53687091,32212254,40,5120
collect_SC,347,60,53687091,32212254,40,5120
collect_SC,336,60,53687091,32212254,40,5120
collect_SC,348,60,53687091,32212254,40,5120
collect_SC,294,60,53687091,32212254,40,5120
collect_SC,317,60,53687091,32212254,40,5120
collect_SC,613,70,53687091,37580963,40,5120
collect_SC,516,70,53687091,37580963,40,5120
collect_SC,394,70,53687091,37580963,40,5120
collect_SC,443,70,53687091,37580963,40,5120
collect_SC,574,70,53687091,37580963,40,5120
collect_SC,590,70,53687091,37580963,40,5120
collect_SC,638,70,53687091,37580963,40,5120
collect_SC,610,70,53687091,37580963,40,5120
collect_SC,554,70,53687091,37580963,40,5120
collect_SC,532,70,53687091,37580963,40,5120
collect_SC,427,70,53687091,37580963,40,5120
collect_SC,354,70,53687091,37580963,40,5120
collect_SC,450,70,53687091,37580963,40,5120
collect_SC,671,70,53687091,37580963,40,5120
collect_SC,568,70,53687091,37580963,40,5120
collect_SC,565,70,53687091,37580963,40,5120
collect_SC,605,70,53687091,37580963,40,5120
collect_SC,641,70,53687091,37580963,40,5120
collect_SC,526,70,53687091,37580963,40,5120
collect_SC,616,70,53687091,37580963,40,5120
collect_SC,564,70,53687091,37580963,40,5120
collect_SC,562,70,53687091,37580963,40,5120
collect_SC,571,70,53687091,37580963,40,5120
collect_SC,419,70,53687091,37580963,40,5120
collect_SC,579,70,53687091,37580963,40,5120
collect_SC,604,70,53687091,37580963,40,5120
collect_SC,666,70,53687091,37580963,40,5120
collect_SC,548,70,53687091,37580963,40,5120
collect_SC,537,70,53687091,37580963,40,5120
collect_SC,579,70,53687091,37580963,40,5120
collect_SC,533,70,53687091,37580963,40,5120
collect_SC,598,70,53687091,37580963,40,5120
collect_SC,402,70,53687091,37580963,40,5120
collect_SC,486,70,53687091,37580963,40,5120
collect_SC,556,70,53687091,37580963,40,5120
collect_SC,676,70,53687091,37580963,40,5120
collect_SC,571,70,53687091,37580963,40,5120
collect_SC,645,70,53687091,37580963,40,5120
collect_SC,613,70,53687091,37580963,40,5120
collect_SC,539,70,53687091,37580963,40,5120
collect_SC,3482,80,53687091,42949672,40,5120
collect_SC,3176,80,53687091,42949672,40,5120
collect_SC,3139,80,53687091,42949672,40,5120
collect_SC,3237,80,53687091,42949672,40,5120
collect_SC,3490,80,53687091,42949672,40,5120
collect_SC,3137,80,53687091,42949672,40,5120
collect_SC,3380,80,53687091,42949672,40,5120
collect_SC,3313,80,53687091,42949672,40,5120
collect_SC,5436,80,53687091,42949672,40,5120
collect_SC,3168,80,53687091,42949672,40,5120
collect_SC,3275,80,53687091,42949672,40,5120
collect_SC,3270,80,53687091,42949672,40,5120
collect_SC,3194,80,53687091,42949672,40,5120
collect_SC,3128,80,53687091,42949672,40,5120
collect_SC,3180,80,53687091,42949672,40,5120
collect_SC,3267,80,53687091,42949672,40,5120
collect_SC,3183,80,53687091,42949672,40,5120
collect_SC,3205,80,53687091,42949672,40,5120
collect_SC,3411,80,53687091,42949672,40,5120
collect_SC,3136,80,53687091,42949672,40,5120
collect_SC,3326,80,53687091,42949672,40,5120
collect_SC,3277,80,53687091,42949672,40,5120
collect_SC,3396,80,53687091,42949672,40,5120
collect_SC,4814,80,53687091,42949672,40,5120
collect_SC,3153,80,53687091,42949672,40,5120
collect_SC,3185,80,53687091,42949672,40,5120
collect_SC,3087,80,53687091,42949672,40,5120
collect_SC,3249,80,53687091,42949672,40,5120
collect_SC,3250,80,53687091,42949672,40,5120
collect_SC,3156,80,53687091,42949672,40,5120
collect_SC,3323,80,53687091,42949672,40,5120
collect_SC,3421,80,53687091,42949672,40,5120
collect_SC,3347,80,53687091,42949672,40,5120
collect_SC,3028,80,53687091,42949672,40,5120
collect_SC,5478,80,53687091,42949672,40,5120
collect_SC,3151,80,53687091,42949672,40,5120
collect_SC,3368,80,53687091,42949672,40,5120
collect_SC,3371,80,53687091,42949672,40,5120
collect_SC,3211,80,53687091,42949672,40,5120
collect_SC,3222,80,53687091,42949672,40,5120
collect_SC,3258,90,53687091,48318381,40,5120
collect_SC,3241,90,53687091,48318381,40,5120
collect_SC,3264,90,53687091,48318381,40,5120
collect_SC,3350,90,53687091,48318381,40,5120
collect_SC,3290,90,53687091,48318381,40,5120
collect_SC,3239,90,53687091,48318381,40,5120
collect_SC,3298,90,53687091,48318381,40,5120
collect_SC,3239,90,53687091,48318381,40,5120
collect_SC,3136,90,53687091,48318381,40,5120
collect_SC,3315,90,53687091,48318381,40,5120
collect_SC,3354,90,53687091,48318381,40,5120
collect_SC,3157,90,53687091,48318381,40,5120
collect_SC,3350,90,53687091,48318381,40,5120
collect_SC,3249,90,53687091,48318381,40,5120
collect_SC,3480,90,53687091,48318381,40,5120
collect_SC,3220,90,53687091,48318381,40,5120
collect_SC,3174,90,53687091,48318381,40,5120
collect_SC,3326,90,53687091,48318381,40,5120
collect_SC,3350,90,53687091,48318381,40,5120
collect_SC,3564,90,53687091,48318381,40,5120
collect_SC,3296,90,53687091,48318381,40,5120
collect_SC,3367,90,53687091,48318381,40,5120
collect_SC,3219,90,53687091,48318381,40,5120
collect_SC,3176,90,53687091,48318381,40,5120
collect_SC,3259,90,53687091,48318381,40,5120
collect_SC,3425,90,53687091,48318381,40,5120
collect_SC,3455,90,53687091,48318381,40,5120
collect_SC,3205,90,53687091,48318381,40,5120
collect_SC,3195,90,53687091,48318381,40,5120
collect_SC,3382,90,53687091,48318381,40,5120
collect_SC,3240,90,53687091,48318381,40,5120
collect_SC,3287,90,53687091,48318381,40,5120
collect_SC,3379,90,53687091,48318381,40,5120
collect_SC,3192,90,53687091,48318381,40,5120
collect_SC,3312,90,53687091,48318381,40,5120
collect_SC,3303,90,53687091,48318381,40,5120
collect_SC,3256,90,53687091,48318381,40,5120
collect_SC,3451,90,53687091,48318381,40,5120
collect_SC,3567,90,53687091,48318381,40,5120
collect_SC,3280,90,53687091,48318381,40,5120
collect_SC,3396,100,53687091,53687091,40,5120
collect_SC,3402,100,53687091,53687091,40,5120
collect_SC,3373,100,53687091,53687091,40,5120
collect_SC,3221,100,53687091,53687091,40,5120
collect_SC,3244,100,53687091,53687091,40,5120
collect_SC,3296,100,53687091,53687091,40,5120
collect_SC,3415,100,53687091,53687091,40,5120
collect_SC,3227,100,53687091,53687091,40,5120
collect_SC,3255,100,53687091,53687091,40,5120
collect_SC,3304,100,53687091,53687091,40,5120
collect_SC,3352,100,53687091,53687091,40,5120
collect_SC,3221,100,53687091,53687091,40,5120
collect_SC,3359,100,53687091,53687091,40,5120
collect_SC,3522,100,53687091,53687091,40,5120
collect_SC,3258,100,53687091,53687091,40,5120
collect_SC,3481,100,53687091,53687091,40,5120
collect_SC,3448,100,53687091,53687091,40,5120
collect_SC,3281,100,53687091,53687091,40,5120
collect_SC,3442,100,53687091,53687091,40,5120
collect_SC,3502,100,53687091,53687091,40,5120
collect_SC,3419,100,53687091,53687091,40,5120
collect_SC,3159,100,53687091,53687091,40,5120
collect_SC,3471,100,53687091,53687091,40,5120
collect_SC,3369,100,53687091,53687091,40,5120
collect_SC,3649,100,53687091,53687091,40,5120
collect_SC,3496,100,53687091,53687091,40,5120
collect_SC,3407,100,53687091,53687091,40,5120
collect_SC,3267,100,53687091,53687091,40,5120
collect_SC,3310,100,53687091,53687091,40,5120
collect_SC,3438,100,53687091,53687091,40,5120
collect_SC,3376,100,53687091,53687091,40,5120
collect_SC,3486,100,53687091,53687091,40,5120
collect_SC,3404,100,53687091,53687091,40,5120
collect_SC,3330,100,53687091,53687091,40,5120
collect_SC,3269,100,53687091,53687091,40,5120
collect_SC,3443,100,53687091,53687091,40,5120
collect_SC,3233,100,53687091,53687091,40,5120
collect_SC,3245,100,53687091,53687091,40,5120
collect_SC,3235,100,53687091,53687091,40,5120
collect_SC,3531,100,53687091,53687091,40,5120
